t_res,delta_mm,u_g,cmp,loss
0.5,0.09713524654602976,0.02,methanethiol,0.2774972318463582
0.5,0.09713524654602976,0.02,dimethyl sulfide,0.15901745338848094
0.5,0.09713524654602976,0.02,2-furfurylthiol,0.06256695776047627
0.5,0.09713524654602976,0.02,3-methylbutanal,0.07441762253237938
0.5,0.09713524654602976,0.02,beta-damascenone,0.090198955981182
0.5,0.09713524654602976,0.02,"2,3-butanedione",0.012741235471115164
0.5,0.09713524654602976,0.02,acetaldehyde,0.01963128669195391
0.5,0.09713524654602976,0.02,guaiacol,0.0001665099453472818
0.5,0.09713524654602976,0.02,furfural,0.0016072532306947718
0.5,0.09713524654602976,0.02,3-methyl-2-buten-1-thiol,0.13130467402577728
0.5,0.09713524654602976,0.056,methanethiol,0.36112307697219903
0.5,0.09713524654602976,0.056,dimethyl sulfide,0.22572259837089848
0.5,0.09713524654602976,0.056,2-furfurylthiol,0.0962770039933879
0.5,0.09713524654602976,0.056,3-methylbutanal,0.11236777725336566
0.5,0.09713524654602976,0.056,beta-damascenone,0.12894233319889792
0.5,0.09713524654602976,0.056,"2,3-butanedione",0.020947174915650235
0.5,0.09713524654602976,0.056,acetaldehyde,0.032121011777725195
0.5,0.09713524654602976,0.056,guaiacol,0.00027853936724908657
0.5,0.09713524654602976,0.056,furfural,0.002682865941070145
0.5,0.09713524654602976,0.056,3-methyl-2-buten-1-thiol,0.18421451619429052
0.5,0.09713524654602976,0.3,methanethiol,0.47953025309177455
0.5,0.09713524654602976,0.3,dimethyl sulfide,0.34591437874355013
0.5,0.09713524654602976,0.3,2-furfurylthiol,0.1758892234205276
0.5,0.09713524654602976,0.3,3-methylbutanal,0.19644105858137173
0.5,0.09713524654602976,0.3,beta-damascenone,0.20174485062308578
0.5,0.09713524654602976,0.3,"2,3-butanedione",0.04584979463684269
0.5,0.09713524654602976,0.3,acetaldehyde,0.06929460070516857
0.5,0.09713524654602976,0.3,guaiacol,0.000644050950096231
0.5,0.09713524654602976,0.3,furfural,0.00616033275123784
0.5,0.09713524654602976,0.3,3-methyl-2-buten-1-thiol,0.27749473444707107
0.5,0.09713524654602976,1.0,methanethiol,0.5381430969540074
0.5,0.09713524654602976,1.0,dimethyl sulfide,0.42039365784504723
0.5,0.09713524654602976,1.0,2-furfurylthiol,0.2449777922134022
0.5,0.09713524654602976,1.0,3-methylbutanal,0.2638034736221555
0.5,0.09713524654602976,1.0,beta-damascenone,0.25097145644649443
0.5,0.09713524654602976,1.0,"2,3-butanedione",0.0775373078397551
0.5,0.09713524654602976,1.0,acetaldehyde,0.11504006117153398
0.5,0.09713524654602976,1.0,guaiacol,0.0011741694382331191
0.5,0.09713524654602976,1.0,furfural,0.011118685845513454
0.5,0.09713524654602976,1.0,3-methyl-2-buten-1-thiol,0.3354612357612079
0.5,0.19427049309205952,0.02,methanethiol,0.13891581363812988
0.5,0.19427049309205952,0.02,dimethyl sulfide,0.07951458729154137
0.5,0.19427049309205952,0.02,2-furfurylthiol,0.031278825779506025
0.5,0.19427049309205952,0.02,3-methylbutanal,0.03720145590035673
0.5,0.19427049309205952,0.02,beta-damascenone,0.04507672704886023
0.5,0.19427049309205952,0.02,"2,3-butanedione",0.006370386028336283
0.5,0.19427049309205952,0.02,acetaldehyde,0.009815571682690871
0.5,0.19427049309205952,0.02,guaiacol,8.325486896321177e-05
0.5,0.19427049309205952,0.02,furfural,0.0008036212855099256
0.5,0.19427049309205952,0.02,3-methyl-2-buten-1-thiol,0.06563336527196495
0.5,0.19427049309205952,0.056,methanethiol,0.18091949847580602
0.5,0.19427049309205952,0.056,dimethyl sulfide,0.11288137904071827
0.5,0.19427049309205952,0.056,2-furfurylthiol,0.048128269276992985
0.5,0.19427049309205952,0.056,3-methylbutanal,0.05616855608470628
0.5,0.19427049309205952,0.056,beta-damascenone,0.06443069938999202
0.5,0.19427049309205952,0.056,"2,3-butanedione",0.010472970535501114
0.5,0.19427049309205952,0.056,acetaldehyde,0.01606034429432346
0.5,0.19427049309205952,0.056,guaiacol,0.0001392693934707534
0.5,0.19427049309205952,0.056,furfural,0.0013414181491736565
0.5,0.19427049309205952,0.056,3-methyl-2-buten-1-thiol,0.09207521790798212
0.5,0.19427049309205952,0.3,methanethiol,0.24069599807583186
0.5,0.19427049309205952,0.3,dimethyl sulfide,0.17305568567073604
0.5,0.19427049309205952,0.3,2-furfurylthiol,0.08791759310967995
0.5,0.19427049309205952,0.3,3-methylbutanal,0.09818489286878751
0.5,0.19427049309205952,0.3,beta-damascenone,0.10080365312251771
0.5,0.19427049309205952,0.3,"2,3-butanedione",0.0229220837957248
0.5,0.19427049309205952,0.3,acetaldehyde,0.034646998754222724
0.5,0.19427049309205952,0.3,guaiacol,0.00032202392491198495
0.5,0.19427049309205952,0.3,furfural,0.0030800887325032056
0.5,0.19427049309205952,0.3,3-methyl-2-buten-1-thiol,0.13869897882415816
0.5,0.19427049309205952,1.0,methanethiol,0.27054495178054516
0.5,0.19427049309205952,1.0,dimethyl sulfide,0.21041700596835622
0.5,0.19427049309205952,1.0,2-furfurylthiol,0.12245059639447253
0.5,0.19427049309205952,1.0,3-methylbutanal,0.1318559805228795
0.5,0.19427049309205952,1.0,beta-damascenone,0.1254100523890821
0.5,0.19427049309205952,1.0,"2,3-butanedione",0.03876116454137779
0.5,0.19427049309205952,1.0,acetaldehyde,0.05752092810511056
0.5,0.19427049309205952,1.0,guaiacol,0.0005870795726569122
0.5,0.19427049309205952,1.0,furfural,0.005559092348344508
0.5,0.19427049309205952,1.0,3-methyl-2-buten-1-thiol,0.16768342197455788
0.5,0.2914057396380893,0.02,methanethiol,0.09258460452299799
0.5,0.2914057396380893,0.02,dimethyl sulfide,0.052996001345281485
0.5,0.2914057396380893,0.02,2-furfurylthiol,0.02084703188149406
0.5,0.2914057396380893,0.02,3-methylbutanal,0.02479243789821106
0.5,0.2914057396380893,0.02,beta-damascenone,0.030025932957100432
0.5,0.2914057396380893,0.02,"2,3-butanedione",0.004246650059794077
0.5,0.2914057396380893,0.02,acetaldehyde,0.006543352358298282
0.5,0.2914057396380893,0.02,guaiacol,5.5503130840794945e-05
0.5,0.2914057396380893,0.02,furfural,0.0005357414453277531
0.5,0.2914057396380893,0.02,3-methyl-2-buten-1-thiol,0.04373347548998707
0.5,0.2914057396380893,0.056,methanethiol,0.12057505731975238
0.5,0.2914057396380893,0.056,dimethyl sulfide,0.07522906566142917
0.5,0.2914057396380893,0.056,2-furfurylthiol,0.0320732360749596
0.5,0.2914057396380893,0.056,3-methylbutanal,0.03742774248927783
0.5,0.2914057396380893,0.056,beta-damascenone,0.04290890269835734
0.5,0.2914057396380893,0.056,"2,3-butanedione",0.006981249382773336
0.5,0.2914057396380893,0.056,acetaldehyde,0.010705942531936685
0.5,0.2914057396380893,0.056,guaiacol,9.284594020853021e-05
0.5,0.2914057396380893,0.056,furfural,0.0008942618612629571
0.5,0.2914057396380893,0.056,3-methyl-2-buten-1-thiol,0.061345429893059134
0.5,0.2914057396380893,0.3,methanethiol,0.1604133554522491
0.5,0.2914057396380893,0.3,dimethyl sulfide,0.11532364577410303
0.5,0.2914057396380893,0.3,2-furfurylthiol,0.05857779214855363
0.5,0.2914057396380893,0.3,3-methylbutanal,0.06541314011665733
0.5,0.2914057396380893,0.3,beta-damascenone,0.06712582849066162
0.5,0.2914057396380893,0.3,"2,3-butanedione",0.015278030952469046
0.5,0.2914057396380893,0.3,acetaldehyde,0.02309379007591006
0.5,0.2914057396380893,0.3,guaiacol,0.0002146808958016777
0.5,0.2914057396380893,0.3,furfural,0.002053303895424685
0.5,0.2914057396380893,0.3,3-methyl-2-buten-1-thiol,0.09240378043887687
0.5,0.2914057396380893,1.0,methanethiol,0.18030917701779658
0.5,0.2914057396380893,1.0,dimethyl sulfide,0.14022130318492565
0.5,0.2914057396380893,1.0,2-furfurylthiol,0.08158123347985424
0.5,0.2914057396380893,1.0,3-methylbutanal,0.08784374503690984
0.5,0.2914057396380893,1.0,beta-damascenone,0.08352198969714297
0.5,0.2914057396380893,1.0,"2,3-butanedione",0.025831731494220134
0.5,0.2914057396380893,1.0,acetaldehyde,0.038336526815266336
0.5,0.2914057396380893,1.0,guaiacol,0.0003913806687163568
0.5,0.2914057396380893,1.0,furfural,0.003705775484649454
0.5,0.2914057396380893,1.0,3-methyl-2-buten-1-thiol,0.11171947196491672
1.0,0.09713524654602976,0.02,methanethiol,0.3194359982143774
1.0,0.09713524654602976,0.02,dimethyl sulfide,0.1851561384396565
1.0,0.09713524654602976,0.02,2-furfurylthiol,0.06624467870773265
1.0,0.09713524654602976,0.02,3-methylbutanal,0.07828290227166113
1.0,0.09713524654602976,0.02,beta-damascenone,0.09297383114090108
1.0,0.09713524654602976,0.02,"2,3-butanedione",0.013112456028093855
1.0,0.09713524654602976,0.02,acetaldehyde,0.020253561309859447
1.0,0.09713524654602976,0.02,guaiacol,0.00016569635483876244
1.0,0.09713524654602976,0.02,furfural,0.0016155305523101182
1.0,0.09713524654602976,0.02,3-methyl-2-buten-1-thiol,0.14226500828670652
1.0,0.09713524654602976,0.056,methanethiol,0.41448867181827187
1.0,0.09713524654602976,0.056,dimethyl sulfide,0.2620226325134235
1.0,0.09713524654602976,0.056,2-furfurylthiol,0.10206296773019452
1.0,0.09713524654602976,0.056,3-methylbutanal,0.11840056689617595
1.0,0.09713524654602976,0.056,beta-damascenone,0.13327826900532536
1.0,0.09713524654602976,0.056,"2,3-butanedione",0.02156247888934837
1.0,0.09713524654602976,0.056,acetaldehyde,0.03314843736300033
1.0,0.09713524654602976,0.056,guaiacol,0.0002771791288892489
1.0,0.09713524654602976,0.056,furfural,0.002696751069158121
1.0,0.09713524654602976,0.056,3-methyl-2-buten-1-thiol,0.20015165262239454
1.0,0.09713524654602976,0.3,methanethiol,0.5486421410845871
1.0,0.09713524654602976,0.3,dimethyl sulfide,0.3996455175462946
1.0,0.09713524654602976,0.3,2-furfurylthiol,0.18723116606921408
1.0,0.09713524654602976,0.3,3-methylbutanal,0.20809792415004214
1.0,0.09713524654602976,0.3,beta-damascenone,0.21022898084858954
1.0,0.09713524654602976,0.3,"2,3-butanedione",0.04723264318165177
1.0,0.09713524654602976,0.3,acetaldehyde,0.07157699622187919
1.0,0.09713524654602976,0.3,guaiacol,0.0006409113622942719
1.0,0.09713524654602976,0.3,furfural,0.006192729020205845
1.0,0.09713524654602976,0.3,3-methyl-2-buten-1-thiol,0.3041073400520099
1.0,0.09713524654602976,1.0,methanethiol,0.6150936156725638
1.0,0.09713524654602976,1.0,dimethyl sulfide,0.48473816908604694
1.0,0.09713524654602976,1.0,2-furfurylthiol,0.2622672561883833
1.0,0.09713524654602976,1.0,3-methylbutanal,0.281428937109488
1.0,0.09713524654602976,1.0,beta-damascenone,0.2640150576971979
1.0,0.09713524654602976,1.0,"2,3-butanedione",0.07996527377248575
1.0,0.09713524654602976,1.0,acetaldehyde,0.11898993268654434
1.0,0.09713524654602976,1.0,guaiacol,0.0011684605386218516
1.0,0.09713524654602976,1.0,furfural,0.011178506286154133
1.0,0.09713524654602976,1.0,3-methyl-2-buten-1-thiol,0.3711895873919798
1.0,0.19427049309205952,0.02,methanethiol,0.1603960023392006
1.0,0.19427049309205952,0.02,dimethyl sulfide,0.09265552552769185
1.0,0.19427049309205952,0.02,2-furfurylthiol,0.033119165199121614
1.0,0.19427049309205952,0.02,3-methylbutanal,0.039135765011204526
1.0,0.19427049309205952,0.02,beta-damascenone,0.04646491477073056
1.0,0.19427049309205952,0.02,"2,3-butanedione",0.006556045958634571
1.0,0.19427049309205952,0.02,acetaldehyde,0.010127123470522248
1.0,0.19427049309205952,0.02,guaiacol,8.284807710345898e-05
1.0,0.19427049309205952,0.02,furfural,0.0008077603867473471
1.0,0.19427049309205952,0.02,3-methyl-2-buten-1-thiol,0.07111978621280035
1.0,0.19427049309205952,0.056,methanethiol,0.20862456517402284
1.0,0.19427049309205952,0.056,dimethyl sulfide,0.13119598925358644
1.0,0.19427049309205952,0.056,2-furfurylthiol,0.05102505375725486
1.0,0.19427049309205952,0.056,3-methylbutanal,0.05918914357941385
1.0,0.19427049309205952,0.056,beta-damascenone,0.06660020528430965
1.0,0.19427049309205952,0.056,"2,3-butanedione",0.01078075892399677
1.0,0.19427049309205952,0.056,acetaldehyde,0.016575191249795673
1.0,0.19427049309205952,0.056,guaiacol,0.00013858928378673863
1.0,0.19427049309205952,0.056,furfural,0.0013483619416958526
1.0,0.19427049309205952,0.056,3-methyl-2-buten-1-thiol,0.10005822403546538
1.0,0.19427049309205952,0.3,methanethiol,0.27767404917186367
1.0,0.19427049309205952,0.3,dimethyl sulfide,0.2004365936960626
1.0,0.19427049309205952,0.3,2-furfurylthiol,0.09360439816588917
1.0,0.19427049309205952,0.3,3-methylbutanal,0.10402980853654042
1.0,0.19427049309205952,0.3,beta-damascenone,0.10504977023811257
1.0,0.19427049309205952,0.3,"2,3-butanedione",0.023614195885794276
1.0,0.19427049309205952,0.3,acetaldehyde,0.03579384689681098
1.0,0.19427049309205952,0.3,guaiacol,0.00032045418173332063
1.0,0.19427049309205952,0.3,furfural,0.003096293366489755
1.0,0.19427049309205952,0.3,3-methyl-2-buten-1-thiol,0.15205158556057408
1.0,0.19427049309205952,1.0,methanethiol,0.3126821710923966
1.0,0.19427049309205952,1.0,dimethyl sulfide,0.24354304763418522
1.0,0.19427049309205952,1.0,2-furfurylthiol,0.13113423649008604
1.0,0.19427049309205952,1.0,3-methylbutanal,0.14070722256411483
1.0,0.19427049309205952,1.0,beta-damascenone,0.13193921124211383
1.0,0.19427049309205952,1.0,"2,3-butanedione",0.03997725667178853
1.0,0.19427049309205952,1.0,acetaldehyde,0.05951291934239278
1.0,0.19427049309205952,1.0,guaiacol,0.0005842252912061641
1.0,0.19427049309205952,1.0,furfural,0.005589023848149521
1.0,0.19427049309205952,1.0,3-methyl-2-buten-1-thiol,0.18563778048686985
1.0,0.2914057396380893,0.02,methanethiol,0.1069066422842806
1.0,0.2914057396380893,0.02,dimethyl sulfide,0.06175728114792689
1.0,0.2914057396380893,0.02,2-furfurylthiol,0.022074087215824822
1.0,0.2914057396380893,0.02,3-methylbutanal,0.02608222695915907
1.0,0.2914057396380893,0.02,beta-damascenone,0.030952050269160925
1.0,0.2914057396380893,0.02,"2,3-butanedione",0.00437042956330691
1.0,0.2914057396380893,0.02,acetaldehyde,0.006751061884174403
1.0,0.2914057396380893,0.02,guaiacol,5.5231939395494756e-05
1.0,0.2914057396380893,0.02,furfural,0.0005385009909912863
1.0,0.2914057396380893,0.02,3-methyl-2-buten-1-thiol,0.04739208606249379
1.0,0.2914057396380893,0.056,methanethiol,0.13904867207117444
1.0,0.2914057396380893,0.056,dimethyl sulfide,0.08744042376402839
1.0,0.2914057396380893,0.056,2-furfurylthiol,0.034004831033110694
1.0,0.2914057396380893,0.056,3-methylbutanal,0.03944206095160496
1.0,0.2914057396380893,0.056,beta-damascenone,0.04435652952099345
1.0,0.2914057396380893,0.056,"2,3-butanedione",0.007186458425858744
1.0,0.2914057396380893,0.056,acetaldehyde,0.011049196164599762
1.0,0.2914057396380893,0.056,guaiacol,9.239254250015261e-05
1.0,0.2914057396380893,0.056,furfural,0.0008988914588268226
1.0,0.2914057396380893,0.056,3-methyl-2-buten-1-thiol,0.06666957568305931
1.0,0.2914057396380893,0.3,methanethiol,0.18507163218150557
1.0,0.2914057396380893,0.3,dimethyl sulfide,0.13358203433238258
1.0,0.2914057396380893,0.3,2-furfurylthiol,0.06237048496335651
1.0,0.2914057396380893,0.3,3-methylbutanal,0.06931169185903452
1.0,0.2914057396380893,0.3,beta-damascenone,0.06995956161703076
1.0,0.2914057396380893,0.3,"2,3-butanedione",0.01573951898802506
1.0,0.2914057396380893,0.3,acetaldehyde,0.02385845935395392
1.0,0.2914057396380893,0.3,guaiacol,0.00021363444704580736
1.0,0.2914057396380893,0.3,furfural,0.0020641090895838765
1.0,0.2914057396380893,0.3,3-methyl-2-buten-1-thiol,0.10131076793622207
1.0,0.2914057396380893,1.0,methanethiol,0.2084080771693827
1.0,0.2914057396380893,1.0,dimethyl sulfide,0.16231166530601304
1.0,0.2914057396380893,1.0,2-furfurylthiol,0.0873733815295008
1.0,0.2914057396380893,1.0,3-methylbutanal,0.09374821600708938
1.0,0.2914057396380893,1.0,beta-damascenone,0.08787958430600107
1.0,0.2914057396380893,1.0,"2,3-butanedione",0.026642685749339257
1.0,0.2914057396380893,1.0,acetaldehyde,0.03966480534802541
1.0,0.2914057396380893,1.0,guaiacol,0.00038947796930999257
1.0,0.2914057396380893,1.0,furfural,0.0037257365916472107
1.0,0.2914057396380893,1.0,3-methyl-2-buten-1-thiol,0.12369663717991419
2.0,0.09713524654602976,0.02,methanethiol,0.3751271223542533
2.0,0.09713524654602976,0.02,dimethyl sulfide,0.22070610676466684
2.0,0.09713524654602976,0.02,2-furfurylthiol,0.07017544064481807
2.0,0.09713524654602976,0.02,3-methylbutanal,0.08227709026955388
2.0,0.09713524654602976,0.02,beta-damascenone,0.09533808662611742
2.0,0.09713524654602976,0.02,"2,3-butanedione",0.013401281191921632
2.0,0.09713524654602976,0.02,acetaldehyde,0.020762558764661154
2.0,0.09713524654602976,0.02,guaiacol,0.00016270743235857754
2.0,0.09713524654602976,0.02,furfural,0.00160520752031168
2.0,0.09713524654602976,0.02,3-methyl-2-buten-1-thiol,0.15541693906221854
2.0,0.09713524654602976,0.056,methanethiol,0.48468410223803826
2.0,0.09713524654602976,0.056,dimethyl sulfide,0.31128943683220955
2.0,0.09713524654602976,0.056,2-furfurylthiol,0.10835225177302199
2.0,0.09713524654602976,0.056,3-methylbutanal,0.12478391503663588
2.0,0.09713524654602976,0.056,beta-damascenone,0.13723967182111307
2.0,0.09713524654602976,0.056,"2,3-butanedione",0.022045588891445922
2.0,0.09713524654602976,0.056,acetaldehyde,0.03399627103087188
2.0,0.09713524654602976,0.056,guaiacol,0.00027218044886268
2.0,0.09713524654602976,0.056,furfural,0.0026796252964114142
2.0,0.09713524654602976,0.056,3-methyl-2-buten-1-thiol,0.2197380264190525
2.0,0.09713524654602976,0.3,methanethiol,0.6371921212859051
2.0,0.09713524654602976,0.3,dimethyl sulfide,0.47202846244661034
2.0,0.09713524654602976,0.3,2-furfurylthiol,0.2001145087978916
2.0,0.09713524654602976,0.3,3-methylbutanal,0.22116371380322497
2.0,0.09713524654602976,0.3,beta-damascenone,0.21902765111999234
2.0,0.09713524654602976,0.3,"2,3-butanedione",0.048349194914298455
2.0,0.09713524654602976,0.3,acetaldehyde,0.07351172204434431
2.0,0.09713524654602976,0.3,guaiacol,0.0006293623866632236
2.0,0.09713524654602976,0.3,furfural,0.006154197747619383
2.0,0.09713524654602976,0.3,3-methyl-2-buten-1-thiol,0.3384137595101566
2.0,0.09713524654602976,1.0,methanethiol,0.7112163283946906
2.0,0.09713524654602976,1.0,dimethyl sulfide,0.5704601829138713
2.0,0.09713524654602976,1.0,2-furfurylthiol,0.2827665084716168
2.0,0.09713524654602976,1.0,3-methylbutanal,0.3022183209047723
2.0,0.09713524654602976,1.0,beta-damascenone,0.27870207803081104
2.0,0.09713524654602976,1.0,"2,3-butanedione",0.08199799009747077
2.0,0.09713524654602976,1.0,acetaldehyde,0.12245466620710954
2.0,0.09713524654602976,1.0,guaiacol,0.0011474299574587565
2.0,0.09713524654602976,1.0,furfural,0.011111039942182432
2.0,0.09713524654602976,1.0,3-methyl-2-buten-1-thiol,0.4187327406996342
2.0,0.19427049309205952,0.02,methanethiol,0.19002087528049427
2.0,0.19427049309205952,0.02,dimethyl sulfide,0.11075355571963186
2.0,0.19427049309205952,0.02,2-furfurylthiol,0.03509161316922371
2.0,0.19427049309205952,0.02,3-methylbutanal,0.04114085733182837
2.0,0.19427049309205952,0.02,beta-damascenone,0.047649321078507056
2.0,0.19427049309205952,0.02,"2,3-butanedione",0.00670064953639149
2.0,0.19427049309205952,0.02,acetaldehyde,0.010382754171706865
2.0,0.19427049309205952,0.02,guaiacol,8.135362358430154e-05
2.0,0.19427049309205952,0.02,furfural,0.0008026001781418213
2.0,0.19427049309205952,0.02,3-methyl-2-buten-1-thiol,0.07773078358066143
2.0,0.19427049309205952,0.056,methanethiol,0.2471954985490027
2.0,0.19427049309205952,0.056,dimethyl sulfide,0.15655613436147864
2.0,0.19427049309205952,0.056,2-furfurylthiol,0.05418779362367343
2.0,0.19427049309205952,0.056,3-methylbutanal,0.06240087205481537
2.0,0.19427049309205952,0.056,beta-damascenone,0.06858582380112288
2.0,0.19427049309205952,0.056,"2,3-butanedione",0.0110228385609068
2.0,0.19427049309205952,0.056,acetaldehyde,0.01700220392284224
2.0,0.19427049309205952,0.056,guaiacol,0.00013608996535596773
2.0,0.19427049309205952,0.056,furfural,0.0013398027032759385
2.0,0.19427049309205952,0.056,3-methyl-2-buten-1-thiol,0.1099319918411118
2.0,0.19427049309205952,0.3,methanethiol,0.32981592152305617
2.0,0.19427049309205952,0.3,dimethyl sulfide,0.23880021277250385
2.0,0.19427049309205952,0.3,2-furfurylthiol,0.10012106201668225
2.0,0.19427049309205952,0.3,3-methylbutanal,0.11064176322522179
2.0,0.19427049309205952,0.3,beta-damascenone,0.10946419522046136
2.0,0.19427049309205952,0.3,"2,3-butanedione",0.0241751170092398
2.0,0.19427049309205952,0.3,acetaldehyde,0.03677661152434797
2.0,0.19427049309205952,0.3,guaiacol,0.0003146798091805403
2.0,0.19427049309205952,0.3,furfural,0.003077047053635984
2.0,0.19427049309205952,0.3,3-methyl-2-buten-1-thiol,0.16946490302060968
2.0,0.19427049309205952,1.0,methanethiol,0.3722885070258002
2.0,0.19427049309205952,1.0,dimethyl sulfide,0.29027728086962234
2.0,0.19427049309205952,1.0,2-furfurylthiol,0.14156834386818562
2.0,0.19427049309205952,1.0,3-methylbutanal,0.15128824253994644
2.0,0.19427049309205952,1.0,beta-damascenone,0.1393140564221792
2.0,0.19427049309205952,1.0,"2,3-butanedione",0.041001729744280846
2.0,0.19427049309205952,1.0,acetaldehyde,0.061291714665453356
2.0,0.19427049309205952,1.0,guaiacol,0.0005737103833064472
2.0,0.19427049309205952,1.0,furfural,0.005555354052509176
2.0,0.19427049309205952,1.0,3-methyl-2-buten-1-thiol,0.2099212320210614
2.0,0.2914057396380893,0.02,methanethiol,0.12666097072648486
2.0,0.2914057396380893,0.02,dimethyl sulfide,0.07382339538265736
2.0,0.2914057396380893,0.02,2-furfurylthiol,0.023389246312102263
2.0,0.2914057396380893,0.02,3-methylbutanal,0.027419256203082276
2.0,0.2914057396380893,0.02,beta-damascenone,0.03174250577889626
2.0,0.2914057396380893,0.02,"2,3-butanedione",0.004466841790467191
2.0,0.2914057396380893,0.02,acetaldehyde,0.006921496217636491
2.0,0.2914057396380893,0.02,guaiacol,5.4235642995559274e-05
2.0,0.2914057396380893,0.02,furfural,0.0005350611183977394
2.0,0.2914057396380893,0.02,3-methyl-2-buten-1-thiol,0.05180037945767202
2.0,0.2914057396380893,0.056,methanethiol,0.16477136756279787
2.0,0.2914057396380893,0.056,dimethyl sulfide,0.10434901086243653
2.0,0.2914057396380893,0.056,2-furfurylthiol,0.036113775231382816
2.0,0.2914057396380893,0.056,3-methylbutanal,0.04158386965469185
2.0,0.2914057396380893,0.056,beta-damascenone,0.04568171828512346
2.0,0.2914057396380893,0.056,"2,3-butanedione",0.007347871038727916
2.0,0.2914057396380893,0.056,acetaldehyde,0.011333907835441304
2.0,0.2914057396380893,0.056,guaiacol,9.07263468300501e-05
2.0,0.2914057396380893,0.056,furfural,0.0008931860399257197
2.0,0.2914057396380893,0.056,3-methyl-2-buten-1-thiol,0.07325399880219696
2.0,0.2914057396380893,0.3,methanethiol,0.21985281607089202
2.0,0.2914057396380893,0.3,dimethyl sulfide,0.15916275745437025
2.0,0.2914057396380893,0.3,2-furfurylthiol,0.06671633618990336
2.0,0.2914057396380893,0.3,3-methylbutanal,0.07372142592067377
2.0,0.2914057396380893,0.3,beta-damascenone,0.0729048905356302
2.0,0.2914057396380893,0.3,"2,3-butanedione",0.01611358552227149
2.0,0.2914057396380893,0.3,acetaldehyde,0.02451379751120053
2.0,0.2914057396380893,0.3,guaiacol,0.00020978495402734776
2.0,0.2914057396380893,0.3,furfural,0.0020512820740445914
2.0,0.2914057396380893,0.3,3-methyl-2-buten-1-thiol,0.11292377749781812
2.0,0.2914057396380893,1.0,methanethiol,0.24817589630621706
2.0,0.2914057396380893,1.0,dimethyl sulfide,0.19347532881188534
2.0,0.2914057396380893,1.0,2-furfurylthiol,0.09433198148286237
2.0,0.2914057396380893,1.0,3-methylbutanal,0.10080508312686376
2.0,0.2914057396380893,1.0,beta-damascenone,0.09279930580375262
2.0,0.2914057396380893,1.0,"2,3-butanedione",0.027325983441345736
2.0,0.2914057396380893,1.0,acetaldehyde,0.04085108370099477
2.0,0.2914057396380893,1.0,guaiacol,0.00038246832482236037
2.0,0.2914057396380893,1.0,furfural,0.0037033024363455347
2.0,0.2914057396380893,1.0,3-methyl-2-buten-1-thiol,0.13989114037285277
3.0,0.09713524654602976,0.02,methanethiol,0.4250002701939095
3.0,0.09713524654602976,0.02,dimethyl sulfide,0.25370124336974875
3.0,0.09713524654602976,0.02,2-furfurylthiol,0.0738320735892326
3.0,0.09713524654602976,0.02,3-methylbutanal,0.08598614327142007
3.0,0.09713524654602976,0.02,beta-damascenone,0.097511947815062
3.0,0.09713524654602976,0.02,"2,3-butanedione",0.013655967057344398
3.0,0.09713524654602976,0.02,acetaldehyde,0.02121508228131097
3.0,0.09713524654602976,0.02,guaiacol,0.00015969393112136299
3.0,0.09713524654602976,0.02,furfural,0.0015933871010119782
3.0,0.09713524654602976,0.02,3-methyl-2-buten-1-thiol,0.16786325327207696
3.0,0.09713524654602976,0.056,methanethiol,0.5454822707584106
3.0,0.09713524654602976,0.056,dimethyl sulfide,0.3562738377315636
3.0,0.09713524654602976,0.056,2-furfurylthiol,0.11423126513341464
3.0,0.09713524654602976,0.056,3-methylbutanal,0.13075289931516587
3.0,0.09713524654602976,0.056,beta-damascenone,0.14095649080809658
3.0,0.09713524654602976,0.056,"2,3-butanedione",0.022472858950494112
3.0,0.09713524654602976,0.056,acetaldehyde,0.03475170949436013
3.0,0.09713524654602976,0.056,guaiacol,0.00026714064360333634
3.0,0.09713524654602976,0.056,furfural,0.002660000315757416
3.0,0.09713524654602976,0.056,3-methyl-2-buten-1-thiol,0.23834999787841993
3.0,0.09713524654602976,0.3,methanethiol,0.708172528090981
3.0,0.09713524654602976,0.3,dimethyl sulfide,0.5352893168180746
3.0,0.09713524654602976,0.3,2-furfurylthiol,0.21228325154078198
3.0,0.09713524654602976,0.3,3-methylbutanal,0.2335520873756235
3.0,0.09713524654602976,0.3,beta-damascenone,0.22754845928947742
3.0,0.09713524654602976,0.3,"2,3-butanedione",0.04934535114938032
3.0,0.09713524654602976,0.3,acetaldehyde,0.0752466440000078
3.0,0.09713524654602976,0.3,guaiacol,0.0006177182463322772
3.0,0.09713524654602976,0.3,furfural,0.0061099294309878704
3.0,0.09713524654602976,0.3,3-methyl-2-buten-1-thiol,0.371023825332745
3.0,0.09713524654602976,1.0,methanethiol,0.7834940110122004
3.0,0.09713524654602976,1.0,dimethyl sulfide,0.6421024621586553
3.0,0.09713524654602976,1.0,2-furfurylthiol,0.30225297886662805
3.0,0.09713524654602976,1.0,3-methylbutanal,0.3220838960663909
3.0,0.09713524654602976,1.0,beta-damascenone,0.29316257293913384
3.0,0.09713524654602976,1.0,"2,3-butanedione",0.0838307149148636
3.0,0.09713524654602976,1.0,acetaldehyde,0.12558448120259014
3.0,0.09713524654602976,1.0,guaiacol,0.0011262256842224927
3.0,0.09713524654602976,1.0,furfural,0.01103322100873294
3.0,0.09713524654602976,1.0,3-methyl-2-buten-1-thiol,0.46340258139422275
3.0,0.19427049309205952,0.02,methanethiol,0.2180501878577208
3.0,0.19427049309205952,0.02,dimethyl sulfide,0.12792470963111602
3.0,0.19427049309205952,0.02,2-furfurylthiol,0.036936632879681186
3.0,0.19427049309205952,0.02,3-methylbutanal,0.04301472238860682
3.0,0.19427049309205952,0.02,beta-damascenone,0.04874253956672325
3.0,0.19427049309205952,0.02,"2,3-butanedione",0.006828391151390556
3.0,0.19427049309205952,0.02,acetaldehyde,0.010610855912490669
3.0,0.19427049309205952,0.02,guaiacol,7.984688365281212e-05
3.0,0.19427049309205952,0.02,furfural,0.0007966923505183798
3.0,0.19427049309205952,0.02,3-methyl-2-buten-1-thiol,0.0840469609859179
3.0,0.19427049309205952,0.056,methanethiol,0.28346599170511777
3.0,0.19427049309205952,0.056,dimethyl sulfide,0.18053184127604494
3.0,0.19427049309205952,0.056,2-furfurylthiol,0.05716999133712697
3.0,0.19427049309205952,0.056,3-methylbutanal,0.06543381444419005
3.0,0.19427049309205952,0.056,beta-damascenone,0.0704587133862471
3.0,0.19427049309205952,0.056,"2,3-butanedione",0.011237569218385368
3.0,0.19427049309205952,0.056,acetaldehyde,0.017384955276484648
3.0,0.19427049309205952,0.056,guaiacol,0.0001335700926561323
3.0,0.19427049309205952,0.056,furfural,0.0013299968629182368
3.0,0.19427049309205952,0.056,3-methyl-2-buten-1-thiol,0.11945030392336209
3.0,0.19427049309205952,0.3,methanethiol,0.377887145972546
3.0,0.19427049309205952,0.3,dimethyl sulfide,0.2746521428007437
3.0,0.19427049309205952,0.3,2-furfurylthiol,0.10638143625744834
3.0,0.19427049309205952,0.3,3-methylbutanal,0.11702648553315831
3.0,0.19427049309205952,0.3,beta-damascenone,0.11377369044829633
3.0,0.19427049309205952,0.3,"2,3-butanedione",0.024678727308136694
3.0,0.19427049309205952,0.3,acetaldehyde,0.03766910802568402
3.0,0.19427049309205952,0.3,guaiacol,0.00030885789907508787
3.0,0.19427049309205952,0.3,furfural,0.0030549481779312826
3.0,0.19427049309205952,0.3,3-methyl-2-buten-1-thiol,0.18644328848261393
3.0,0.19427049309205952,1.0,methanethiol,0.4261517632509151
3.0,0.19427049309205952,1.0,dimethyl sulfide,0.33331041864198196
3.0,0.19427049309205952,1.0,2-furfurylthiol,0.1517421275953289
3.0,0.19427049309205952,1.0,3-methylbutanal,0.16166844485512688
3.0,0.19427049309205952,1.0,beta-damascenone,0.14665001782134246
3.0,0.19427049309205952,1.0,"2,3-butanedione",0.04193509477026125
3.0,0.19427049309205952,1.0,acetaldehyde,0.06293210602282606
3.0,0.19427049309205952,1.0,guaiacol,0.0005631087785975541
3.0,0.19427049309205952,1.0,furfural,0.005516560571974138
3.0,0.19427049309205952,1.0,3-methyl-2-buten-1-thiol,0.23355779807191557
3.0,0.2914057396380893,0.02,methanethiol,0.14536727214220002
3.0,0.2914057396380893,0.02,dimethyl sulfide,0.08527240613084774
3.0,0.2914057396380893,0.02,2-furfurylthiol,0.024619425386438576
3.0,0.2914057396380893,0.02,3-methylbutanal,0.02866875721760853
3.0,0.2914057396380893,0.02,beta-damascenone,0.03247207049511791
3.0,0.2914057396380893,0.02,"2,3-butanedione",0.004552012204306788
3.0,0.2914057396380893,0.02,acetaldehyde,0.007073584148371226
3.0,0.2914057396380893,0.02,guaiacol,5.3231155332400526e-05
3.0,0.2914057396380893,0.02,furfural,0.0005311228219428976
3.0,0.2914057396380893,0.02,3-methyl-2-buten-1-thiol,0.05601185995174196
3.0,0.2914057396380893,0.056,methanethiol,0.18899229429873532
3.0,0.2914057396380893,0.056,dimethyl sulfide,0.12033651830796777
3.0,0.2914057396380893,0.056,2-furfurylthiol,0.03810228338932897
3.0,0.2914057396380893,0.056,3-methylbutanal,0.043606375657659124
3.0,0.2914057396380893,0.056,beta-damascenone,0.04693153484418899
3.0,0.2914057396380893,0.056,"2,3-butanedione",0.007491049596997645
3.0,0.2914057396380893,0.056,acetaldehyde,0.011589129020086353
3.0,0.2914057396380893,0.056,guaiacol,8.904644747720347e-05
3.0,0.2914057396380893,0.056,furfural,0.0008866495218557979
3.0,0.2914057396380893,0.056,3-methyl-2-buten-1-thiol,0.07960084793647193
3.0,0.2914057396380893,0.3,methanethiol,0.25199883083451935
3.0,0.2914057396380893,0.3,dimethyl sulfide,0.18307542834345714
3.0,0.2914057396380893,0.3,2-furfurylthiol,0.07089101668767428
3.0,0.2914057396380893,0.3,3-methylbutanal,0.07797924813669044
3.0,0.2914057396380893,0.3,beta-damascenone,0.07577961960209101
3.0,0.2914057396380893,0.3,"2,3-butanedione",0.016449437625255414
3.0,0.2914057396380893,0.3,acetaldehyde,0.02510904200385533
3.0,0.2914057396380893,0.3,guaiacol,0.00020590376499052265
3.0,0.2914057396380893,0.3,furfural,0.0020365531863304476
3.0,0.2914057396380893,0.3,3-methyl-2-buten-1-thiol,0.124245212929461
3.0,0.2914057396380893,1.0,methanethiol,0.2842374346250325
3.0,0.2914057396380893,1.0,dimethyl sulfide,0.22218467741960246
3.0,0.2914057396380893,1.0,2-furfurylthiol,0.10111634227214139
3.0,0.2914057396380893,1.0,3-methylbutanal,0.10772719757947036
3.0,0.2914057396380893,1.0,beta-damascenone,0.09769189199034112
3.0,0.2914057396380893,1.0,"2,3-butanedione",0.027948520243781805
3.0,0.2914057396380893,1.0,acetaldehyde,0.04194535117933462
3.0,0.2914057396380893,1.0,guaiacol,0.0003754008682305132
3.0,0.2914057396380893,1.0,furfural,0.003677451964017364
3.0,0.2914057396380893,1.0,3-methyl-2-buten-1-thiol,0.15565193579022885
