compound,volatility_class,conc_ug_per_L,conc_uncertainty_factor,odour_threshold_ug_per_L,OAV,Hcc_dimensionless_25C,Hcc_78,Hcc_0,H_ratio_78_over_0,vantHoff_dlnH_d1overT_K,LeBas_molar_vol_cm3_per_mol,pKa,f_undiss,control,liq_resist_frac,kL_hot_mm_s,kG_mm_s,frac_lost_low_bound,frac_lost_nominal_cryoplate,frac_lost_worst_case,frac_lost_cup_60s,frac_lost_closed_PHE,OAV_after_frac_lost,OAV_after_frac_lost_worst,dPercept_base,dPercept_worst,crosses_threshold_worst,gas_saturation_pct,conc_provenance,threshold_provenance,H_provenance,value_provenance,topical_reference_pmid,topical_reference_citation,topical_reference_scope
acetaldehyde,aldehyde,30000.0,3.0,25.0,1200.0,0.00274,0.06650057710600613,0.00039613946199420233,167.87162978218865,6300,51.8,,1.0,gas-film,0.018126711097220718,2.2618666255831164,0.6279211996209568,0.006738444399253418,0.017244398997324217,0.12791710860393335,0.09527949372722533,0.0008857555585471909,1179.3067212032108,1046.49946967528,0.008659694654415961,0.06614621519422714,False,0.047918161742073466,"engineering estimate: order-of-magnitude value for roasted-arabica espresso, consistent with the range reported in the coffee-aroma literature. NOT digitised from a specific table.","engineering estimate: approximate orthonasal detection threshold in water, consistent with published odour-threshold compilations. NOT digitised from a specific table.",engineering estimate: compilation-class value for this compound in water at 25 C.,ALL numeric values in this row are engineering estimates. No cell in this CSV is a measured value transcribed from a cited source; the reference column gives topical grounding only.,PMID 10563955,"Czerny M et al., J Agric Food Chem 1999, doi 10.1021/jf980759i","Establishes this compound as an odour-active constituent of coffee/espresso. NOT the source of the concentration, odour threshold or Henry constant in this row — no numeric value was digitised from it. Subject: Sensory study on the character impact odorants of roasted arabica coffee."
propanal,aldehyde,3000.0,3.0,9.5,315.7894736842105,0.0034,0.07844557547694954,0.0005068836077122866,154.760529406341,6200,74.0,,1.0,gas-film,0.021066690464639905,2.0323401852903227,0.5575337459224622,0.007156054057877226,0.018315771326667063,0.13311505040607463,0.08740727308773788,0.001064814328610858,310.00554589684197,273.75314197702903,0.009200207573026975,0.06893343439154398,False,0.04297492278410398,"engineering estimate: order-of-magnitude value for roasted-arabica espresso, consistent with the range reported in the coffee-aroma literature. NOT digitised from a specific table.","engineering estimate: approximate orthonasal detection threshold in water, consistent with published odour-threshold compilations. NOT digitised from a specific table.",engineering estimate: compilation-class value for this compound in water at 25 C.,ALL numeric values in this row are engineering estimates. No cell in this CSV is a measured value transcribed from a cited source; the reference column gives topical grounding only.,PMID 10563955,"Czerny M et al., J Agric Food Chem 1999, doi 10.1021/jf980759i","Establishes this compound as an odour-active constituent of coffee/espresso. NOT the source of the concentration, odour threshold or Henry constant in this row — no numeric value was digitised from it. Subject: Sensory study on the character impact odorants of roasted arabica coffee."
2-methylpropanal,aldehyde,4000.0,3.0,0.75,5333.333333333333,0.011,0.20727215417896697,0.0018541683125982468,111.78712998741544,5800,96.2,,1.0,gas-film,0.05335844548375165,1.878509513410761,0.5108460523938073,0.017606893897017528,0.04416083943433191,0.2619467512809853,0.08659169866496885,0.003178904931310648,5097.80885635023,3936.2839931680783,0.022329728095577206,0.14089974466363087,False,0.03838685526484429,"engineering estimate: order-of-magnitude value for roasted-arabica espresso, consistent with the range reported in the coffee-aroma literature. NOT digitised from a specific table.","engineering estimate: approximate orthonasal detection threshold in water, consistent with published odour-threshold compilations. NOT digitised from a specific table.",engineering estimate: compilation-class value for this compound in water at 25 C.,ALL numeric values in this row are engineering estimates. No cell in this CSV is a measured value transcribed from a cited source; the reference column gives topical grounding only.,PMID 10563955,"Czerny M et al., J Agric Food Chem 1999, doi 10.1021/jf980759i","Establishes this compound as an odour-active constituent of coffee/espresso. NOT the source of the concentration, odour threshold or Henry constant in this row — no numeric value was digitised from it. Subject: Sensory study on the character impact odorants of roasted arabica coffee."
2-methylbutanal,aldehyde,4000.0,3.0,1.1,3636.363636363636,0.016,0.2866044593730562,0.0027810464156263937,103.05633798941912,5700,118.4,,1.0,gas-film,0.07184156960928897,1.7650638069021685,0.4766846474939836,0.022322649423090368,0.0551478284857444,0.2992635115536181,0.08250076746978519,0.004486844460046493,3435.8260782336565,2548.1326852595703,0.027964932981193513,0.16289995314396144,False,0.03454593078629335,"engineering estimate: order-of-magnitude value for roasted-arabica espresso, consistent with the range reported in the coffee-aroma literature. NOT digitised from a specific table.","engineering estimate: approximate orthonasal detection threshold in water, consistent with published odour-threshold compilations. NOT digitised from a specific table.",engineering estimate: compilation-class value for this compound in water at 25 C.,ALL numeric values in this row are engineering estimates. No cell in this CSV is a measured value transcribed from a cited source; the reference column gives topical grounding only.,PMID 10563955,"Czerny M et al., J Agric Food Chem 1999, doi 10.1021/jf980759i","Establishes this compound as an odour-active constituent of coffee/espresso. NOT the source of the concentration, odour threshold or Henry constant in this row — no numeric value was digitised from it. Subject: Sensory study on the character impact odorants of roasted arabica coffee."
3-methylbutanal,aldehyde,5000.0,3.0,0.35,14285.714285714286,0.019,0.34034279550550417,0.003302492618556342,103.0563379894191,5700,118.4,,1.0,gas-film,0.08417796198931377,1.7650638069021685,0.4766846474939836,0.025843498763141293,0.06306440512015721,0.32508086331248587,0.08289797948809297,0.005323277843389829,13384.794212569182,9641.701952678774,0.032045664878842084,0.1784653770610065,False,0.033272314740750535,"engineering estimate: order-of-magnitude value for roasted-arabica espresso, consistent with the range reported in the coffee-aroma literature. NOT digitised from a specific table.","engineering estimate: approximate orthonasal detection threshold in water, consistent with published odour-threshold compilations. NOT digitised from a specific table.",engineering estimate: compilation-class value for this compound in water at 25 C.,ALL numeric values in this row are engineering estimates. No cell in this CSV is a measured value transcribed from a cited source; the reference column gives topical grounding only.,PMID 10563955,"Czerny M et al., J Agric Food Chem 1999, doi 10.1021/jf980759i","Establishes this compound as an odour-active constituent of coffee/espresso. NOT the source of the concentration, odour threshold or Henry constant in this row — no numeric value was digitised from it. Subject: Sensory study on the character impact odorants of roasted arabica coffee."
"2,3-butanedione",diketone,20000.0,2.5,10.0,2000.0,0.0021,0.05361415446513698,0.0002944320307147499,182.09348464902303,6400,96.2,,1.0,gas-film,0.014370432116855989,1.878509513410761,0.5108460523938073,0.004366320109244204,0.011184675515611753,0.08547854474197014,0.07704790658736249,0.00067009394298877,1977.6306489687765,1829.0429105160597,0.005608062942791037,0.04369384857252445,False,0.03879952031647283,"engineering estimate: order-of-magnitude value for roasted-arabica espresso, consistent with the range reported in the coffee-aroma literature. NOT digitised from a specific table.","engineering estimate: approximate orthonasal detection threshold in water, consistent with published odour-threshold compilations. NOT digitised from a specific table.",engineering estimate: compilation-class value for this compound in water at 25 C.,ALL numeric values in this row are engineering estimates. No cell in this CSV is a measured value transcribed from a cited source; the reference column gives topical grounding only.,PMID 9881360,"Grosch W, Nahrung 1998, doi 10.1002/(sici)1521-3803(199812)42:06<344::aid-food344>3.0.co;2-v","Establishes this compound as an odour-active constituent of coffee/espresso. NOT the source of the concentration, odour threshold or Henry constant in this row — no numeric value was digitised from it. Subject: Flavour of coffee. A review."
"2,3-pentanedione",diketone,8000.0,3.0,30.0,266.6666666666667,0.003,0.07281085084599212,0.0004337293379498566,167.87162978218865,6300,118.4,,1.0,gas-film,0.019284566081237586,1.7650638069021685,0.4766846474939836,0.005588322428881742,0.01428274335332469,0.10520041394568236,0.0754088853576067,0.0009300022128059293,262.8579351057801,238.61322294781806,0.007167055015459667,0.05406153157072757,False,0.03631453996848248,"engineering estimate: order-of-magnitude value for roasted-arabica espresso, consistent with the range reported in the coffee-aroma literature. NOT digitised from a specific table.","engineering estimate: approximate orthonasal detection threshold in water, consistent with published odour-threshold compilations. NOT digitised from a specific table.",engineering estimate: compilation-class value for this compound in water at 25 C.,ALL numeric values in this row are engineering estimates. No cell in this CSV is a measured value transcribed from a cited source; the reference column gives topical grounding only.,PMID 9881360,"Grosch W, Nahrung 1998, doi 10.1002/(sici)1521-3803(199812)42:06<344::aid-food344>3.0.co;2-v","Establishes this compound as an odour-active constituent of coffee/espresso. NOT the source of the concentration, odour threshold or Henry constant in this row — no numeric value was digitised from it. Subject: Flavour of coffee. A review."
methanethiol,thiol,400.0,4.0,0.06,6666.666666666667,0.123,0.8420678478934913,0.03830868824023079,21.981119338071554,3800,44.4,,1.0,gas-film,0.19026528536306306,2.3689234628216984,0.6610293492996231,0.10244257112967314,0.24814128428365667,0.7852156838713122,0.1115521793997013,0.02606139404465025,5012.391438108955,1431.8954408579184,0.13290213025498476,0.5365517114837,False,0.05038393780093574,"engineering estimate: order-of-magnitude value for roasted-arabica espresso, consistent with the range reported in the coffee-aroma literature. NOT digitised from a specific table.","engineering estimate: approximate orthonasal detection threshold in water, consistent with published odour-threshold compilations. NOT digitised from a specific table.",engineering estimate: compilation-class value for this compound in water at 25 C.,ALL numeric values in this row are engineering estimates. No cell in this CSV is a measured value transcribed from a cited source; the reference column gives topical grounding only.,PMID 31174781,"Sun Y et al., Food Chem 2019, doi 10.1016/j.foodchem.2019.05.175","Establishes this compound as an odour-active constituent of coffee/espresso. NOT the source of the concentration, odour threshold or Henry constant in this row — no numeric value was digitised from it. Subject: Aroma binding and stability in brewed coffee: 2-furfurylthiol."
dimethyl sulfide,sulfide,100.0,4.0,0.3,333.33333333333337,0.066,0.42953701455367277,0.02119668228703798,20.264351219546263,3700,66.6,,1.0,gas-film,0.1057454646833734,2.0976047204337576,0.577462326165498,0.05902730473446549,0.1572650724694381,0.6440537479434738,0.09859211276155555,0.013716596358635643,280.91164251018733,118.64875068550874,0.08199404820526246,0.40338768697207883,False,0.06092867593465726,"engineering estimate: order-of-magnitude value for roasted-arabica espresso, consistent with the range reported in the coffee-aroma literature. NOT digitised from a specific table.","engineering estimate: approximate orthonasal detection threshold in water, consistent with published odour-threshold compilations. NOT digitised from a specific table.",engineering estimate: compilation-class value for this compound in water at 25 C.,ALL numeric values in this row are engineering estimates. No cell in this CSV is a measured value transcribed from a cited source; the reference column gives topical grounding only.,PMID 25372898,"Sanchez-Lopez JA et al., Anal Chem 2014, doi 10.1021/ac502992k","Establishes this compound as an odour-active constituent of coffee/espresso. NOT the source of the concentration, odour threshold or Henry constant in this row — no numeric value was digitised from it. Subject: Time-resolved extraction of aroma compounds during espresso preparation (PTR-ToF-MS)."
2-furfurylthiol,thiol,200.0,3.0,0.01,20000.0,0.016,0.25900748404502905,0.0029571394652978342,87.58717236183602,5500,110.0,,1.0,gas-film,0.06552627267458369,1.8044635546067584,0.4885220497394528,0.021824452800045524,0.05475208733109482,0.30519047718851555,0.08404751256378484,0.004365728032087925,18904.958253378103,13896.19045622969,0.02776139108297848,0.166447648427836,False,0.03759023934654689,"engineering estimate: order-of-magnitude value for roasted-arabica espresso, consistent with the range reported in the coffee-aroma literature. NOT digitised from a specific table.","engineering estimate: approximate orthonasal detection threshold in water, consistent with published odour-threshold compilations. NOT digitised from a specific table.",engineering estimate from structural analogy to the nearest compilation compound.,ALL numeric values in this row are engineering estimates. No cell in this CSV is a measured value transcribed from a cited source; the reference column gives topical grounding only.,PMID 31174781,"Sun Y et al., Food Chem 2019, doi 10.1016/j.foodchem.2019.05.175","Establishes this compound as an odour-active constituent of coffee/espresso. NOT the source of the concentration, odour threshold or Henry constant in this row — no numeric value was digitised from it. Subject: Aroma binding and stability in brewed coffee: 2-furfurylthiol."
3-mercapto-3-methylbutyl formate,thiol-ester,5.0,4.0,0.0035,1428.5714285714284,0.002,0.05371251367542175,0.0002719342875803955,197.52019560807318,6500,175.0,,1.0,gas-film,0.014116134256892664,1.5698368009364743,0.41847454849773874,0.003517871852896537,0.008985920815764215,0.0687582551163326,0.06432163551752823,0.0006229852542285316,1415.7343988346224,1330.3453498338104,0.004503099359804197,0.03499132393347504,False,0.03126947362978784,"engineering estimate: order-of-magnitude value for roasted-arabica espresso, consistent with the range reported in the coffee-aroma literature. NOT digitised from a specific table.","engineering estimate: approximate orthonasal detection threshold in water, consistent with published odour-threshold compilations. NOT digitised from a specific table.",engineering estimate from structural analogy to the nearest compilation compound.,ALL numeric values in this row are engineering estimates. No cell in this CSV is a measured value transcribed from a cited source; the reference column gives topical grounding only.,PMID 14690392,"Kumazawa K et al., J Agric Food Chem 2003, doi 10.1021/jf0346196","Establishes this compound as an odour-active constituent of coffee/espresso. NOT the source of the concentration, odour threshold or Henry constant in this row — no numeric value was digitised from it. Subject: Effect of pH on the thermal stability of 3-mercapto-3-methylbutyl esters in coffee."
3-methyl-2-buten-1-thiol,thiol,0.5,5.0,0.0003,1666.6666666666667,0.05,0.628399396690804,0.010774093844511185,58.3250346395432,5000,132.0,,1.0,gas-film,0.14463799570807714,1.7084164364674488,0.459716849707635,0.0464519096729763,0.11073123500740711,0.46566024879143275,0.08135511967750741,0.012333190511928861,1482.1146083209883,890.5662520142788,0.05698952021062198,0.26901453420155663,False,0.031084036508684878,"engineering estimate: order-of-magnitude value for roasted-arabica espresso, consistent with the range reported in the coffee-aroma literature. NOT digitised from a specific table.","engineering estimate: approximate orthonasal detection threshold in water, consistent with published odour-threshold compilations. NOT digitised from a specific table.",engineering estimate from structural analogy to the nearest compilation compound.,ALL numeric values in this row are engineering estimates. No cell in this CSV is a measured value transcribed from a cited source; the reference column gives topical grounding only.,PMID 9881360,"Grosch W, Nahrung 1998, doi 10.1002/(sici)1521-3803(199812)42:06<344::aid-food344>3.0.co;2-v","Establishes this compound as an odour-active constituent of coffee/espresso. NOT the source of the concentration, odour threshold or Henry constant in this row — no numeric value was digitised from it. Subject: Flavour of coffee. A review."
guaiacol,phenol,3000.0,2.5,2.5,1200.0,1.2e-05,0.0011425089350765236,7.57391794088757e-07,1508.478100757764,9000,140.0,,1.0,gas-film,0.000306740588468731,1.6785238239007574,0.45078804208947904,5.592610176075041e-05,0.00013932462887533692,0.001166533474804221,0.007893158747135587,5.682016190677809e-06,1199.8328104453497,1198.600159830235,6.966474102576559e-05,0.000583436936731685,False,0.02440421143592642,"engineering estimate: order-of-magnitude value for roasted-arabica espresso, consistent with the range reported in the coffee-aroma literature. NOT digitised from a specific table.","engineering estimate: approximate orthonasal detection threshold in water, consistent with published odour-threshold compilations. NOT digitised from a specific table.",engineering estimate: compilation-class value for this compound in water at 25 C.,ALL numeric values in this row are engineering estimates. No cell in this CSV is a measured value transcribed from a cited source; the reference column gives topical grounding only.,PMID 21441367,"Czerny M et al., Chem Senses 2011, doi 10.1093/chemse/bjr009","Establishes this compound as an odour-active constituent of coffee/espresso. NOT the source of the concentration, odour threshold or Henry constant in this row — no numeric value was digitised from it. Subject: Influence of molecular structure on odor qualities and odor detection thresholds of volatile alkylated phenols."
4-vinylguaiacol,phenol,15000.0,2.5,20.0,750.0,8e-06,0.0009810585378087278,4.330822769018e-07,2265.2936638900596,9500,168.0,,1.0,gas-film,0.0002618102868574606,1.5891801651705726,0.42420778899493733,4.2446700252440905e-05,0.00010542130007784589,0.0008809804172632552,0.006275627814531837,4.0506128835557706e-06,749.9209340249416,749.3392646870526,5.27120393184477e-05,0.000440587267201642,False,0.02167796293666646,"engineering estimate: order-of-magnitude value for roasted-arabica espresso, consistent with the range reported in the coffee-aroma literature. NOT digitised from a specific table.","engineering estimate: approximate orthonasal detection threshold in water, consistent with published odour-threshold compilations. NOT digitised from a specific table.",engineering estimate from structural analogy to the nearest compilation compound.,ALL numeric values in this row are engineering estimates. No cell in this CSV is a measured value transcribed from a cited source; the reference column gives topical grounding only.,PMID 10563955,"Czerny M et al., J Agric Food Chem 1999, doi 10.1021/jf980759i","Establishes this compound as an odour-active constituent of coffee/espresso. NOT the source of the concentration, odour threshold or Henry constant in this row — no numeric value was digitised from it. Subject: Sensory study on the character impact odorants of roasted arabica coffee."
4-ethylguaiacol,phenol,500.0,3.0,25.0,20.0,1.5e-05,0.0016623618496806809,8.634461422178165e-07,1925.2640881697594,9300,178.0,,1.0,gas-film,0.00044269206822064073,1.561852149922538,0.41611023505690614,7.228985682417033e-05,0.00017971503974423264,0.0015010212230989195,0.009899011363424637,7.321936418718008e-06,19.996405699205116,19.969979575538023,8.986155742185531e-05,0.0007507924562055734,False,0.021741692288773887,"engineering estimate: order-of-magnitude value for roasted-arabica espresso, consistent with the range reported in the coffee-aroma literature. NOT digitised from a specific table.","engineering estimate: approximate orthonasal detection threshold in water, consistent with published odour-threshold compilations. NOT digitised from a specific table.",engineering estimate from structural analogy to the nearest compilation compound.,ALL numeric values in this row are engineering estimates. No cell in this CSV is a measured value transcribed from a cited source; the reference column gives topical grounding only.,PMID 21441367,"Czerny M et al., Chem Senses 2011, doi 10.1093/chemse/bjr009","Establishes this compound as an odour-active constituent of coffee/espresso. NOT the source of the concentration, odour threshold or Henry constant in this row — no numeric value was digitised from it. Subject: Influence of molecular structure on odor qualities and odor detection thresholds of volatile alkylated phenols."
furfural,furan,40000.0,2.5,15000.0,2.6666666666666665,0.00016,0.008298021592380642,1.4596231815596926e-05,568.504371348345,7800,96.5,,1.0,gas-film,0.002251268594879693,1.8767556259638545,0.5103161287225835,0.0005428451795393974,0.0013662671780403368,0.011355213606968229,0.0412006074937159,6.396218749641864e-05,2.6630232875252258,2.6363860970480846,0.0006833670843061634,0.005693816577090893,False,0.03212250784609275,"engineering estimate: order-of-magnitude value for roasted-arabica espresso, consistent with the range reported in the coffee-aroma literature. NOT digitised from a specific table.","engineering estimate: approximate orthonasal detection threshold in water, consistent with published odour-threshold compilations. NOT digitised from a specific table.",engineering estimate: compilation-class value for this compound in water at 25 C.,ALL numeric values in this row are engineering estimates. No cell in this CSV is a measured value transcribed from a cited source; the reference column gives topical grounding only.,PMID 10563955,"Czerny M et al., J Agric Food Chem 1999, doi 10.1021/jf980759i","Establishes this compound as an odour-active constituent of coffee/espresso. NOT the source of the concentration, odour threshold or Henry constant in this row — no numeric value was digitised from it. Subject: Sensory study on the character impact odorants of roasted arabica coffee."
5-methylfurfural,furan,15000.0,3.0,20000.0,0.75,0.00012,0.006886625306751954,1.0295286707502997e-05,668.9104929669536,8000,118.7,,1.0,gas-film,0.0018562380568450893,1.7637243253073622,0.4762827209564476,0.0004082144816155431,0.0010250960340233428,0.008532680383175784,0.034388563552060214,4.8921821678663045e-05,0.7492311779744825,0.7436004897126182,0.0005126794371143051,0.004275480056444403,False,0.02918577973587684,"engineering estimate: order-of-magnitude value for roasted-arabica espresso, consistent with the range reported in the coffee-aroma literature. NOT digitised from a specific table.","engineering estimate: approximate orthonasal detection threshold in water, consistent with published odour-threshold compilations. NOT digitised from a specific table.",engineering estimate from structural analogy to the nearest compilation compound.,ALL numeric values in this row are engineering estimates. No cell in this CSV is a measured value transcribed from a cited source; the reference column gives topical grounding only.,PMID 10563955,"Czerny M et al., J Agric Food Chem 1999, doi 10.1021/jf980759i","Establishes this compound as an odour-active constituent of coffee/espresso. NOT the source of the concentration, odour threshold or Henry constant in this row — no numeric value was digitised from it. Subject: Sensory study on the character impact odorants of roasted arabica coffee."
"2-ethyl-3,5-dimethylpyrazine",pyrazine,300.0,3.0,0.16,1875.0,0.0003,0.010377513614897891,3.498616212141943e-05,296.61766211688905,7000,151.0,,1.0,gas-film,0.002772283028630511,1.6408649422879047,0.43956464083568486,0.000665762939577319,0.0016994546572932645,0.014195975831965302,0.04082706104636946,0.00010245072210198721,1871.8135225175752,1848.382545315065,0.0008500886540064867,0.007123359037974564,False,0.031224426838664422,"engineering estimate: order-of-magnitude value for roasted-arabica espresso, consistent with the range reported in the coffee-aroma literature. NOT digitised from a specific table.","engineering estimate: approximate orthonasal detection threshold in water, consistent with published odour-threshold compilations. NOT digitised from a specific table.",engineering estimate from structural analogy to the nearest compilation compound.,ALL numeric values in this row are engineering estimates. No cell in this CSV is a measured value transcribed from a cited source; the reference column gives topical grounding only.,PMID 10563955,"Czerny M et al., J Agric Food Chem 1999, doi 10.1021/jf980759i","Establishes this compound as an odour-active constituent of coffee/espresso. NOT the source of the concentration, odour threshold or Henry constant in this row — no numeric value was digitised from it. Subject: Sensory study on the character impact odorants of roasted arabica coffee."
"2,3-diethyl-5-methylpyrazine",pyrazine,60.0,3.0,0.09,666.6666666666667,0.0004,0.013836684819863857,4.664821616189258e-05,296.61766211688905,7000,173.0,,1.0,gas-film,0.0036763211457047033,1.575259434983073,0.42008099245872915,0.0008469962321844271,0.002159923266119801,0.01790151509778315,0.044374382457450734,0.0001352125732624868,665.2267178225869,654.7323232681447,0.001080545422264656,0.008991178191527505,False,0.029758983668911512,"engineering estimate: order-of-magnitude value for roasted-arabica espresso, consistent with the range reported in the coffee-aroma literature. NOT digitised from a specific table.","engineering estimate: approximate orthonasal detection threshold in water, consistent with published odour-threshold compilations. NOT digitised from a specific table.",engineering estimate from structural analogy to the nearest compilation compound.,ALL numeric values in this row are engineering estimates. No cell in this CSV is a measured value transcribed from a cited source; the reference column gives topical grounding only.,PMID 10563955,"Czerny M et al., J Agric Food Chem 1999, doi 10.1021/jf980759i","Establishes this compound as an odour-active constituent of coffee/espresso. NOT the source of the concentration, odour threshold or Henry constant in this row — no numeric value was digitised from it. Subject: Sensory study on the character impact odorants of roasted arabica coffee."
beta-damascenone,norisoprenoid,30.0,3.0,0.00075,40000.0,0.025,0.6714064209427719,0.003399178594754944,197.52019560807318,6500,232.0,,1.0,gas-film,0.15060166541816813,1.442512299941447,0.3809363393393029,0.030880355793173275,0.06937954202970031,0.29579379420449425,0.06905636514248492,0.0075474394218997464,37224.81831881199,28168.24823182023,0.035313285065923794,0.16083004951588875,False,0.019338310949542192,"engineering estimate: order-of-magnitude value for roasted-arabica espresso, consistent with the range reported in the coffee-aroma literature. NOT digitised from a specific table.","engineering estimate: approximate orthonasal detection threshold in water, consistent with published odour-threshold compilations. NOT digitised from a specific table.",engineering estimate from structural analogy to the nearest compilation compound.,ALL numeric values in this row are engineering estimates. No cell in this CSV is a measured value transcribed from a cited source; the reference column gives topical grounding only.,PMID 10563955,"Czerny M et al., J Agric Food Chem 1999, doi 10.1021/jf980759i","Establishes this compound as an odour-active constituent of coffee/espresso. NOT the source of the concentration, odour threshold or Henry constant in this row — no numeric value was digitised from it. Subject: Sensory study on the character impact odorants of roasted arabica coffee."
acetic acid,acid,800000.0,2.0,40000.0,20.0,2.7e-05,0.000655297657613929,3.903564041548709e-06,167.87162978218865,6300,64.1,4.76,0.3652566649476831,gas-film,6.597235544171036e-05,2.1218198674933264,0.5848740990267538,2.3368755822539278e-05,6.106708209285827e-05,0.0005301686891552304,0.0027987871128259956,3.163118661460181e-06,19.99877865835814,19.989396626216895,3.0534007209204184e-05,0.00026511948874929914,False,0.04743555631978545,"engineering estimate: order-of-magnitude value for roasted-arabica espresso, consistent with the range reported in the coffee-aroma literature. NOT digitised from a specific table.","engineering estimate: approximate orthonasal detection threshold in water, consistent with published odour-threshold compilations. NOT digitised from a specific table.",engineering estimate: compilation-class value for this compound in water at 25 C.,ALL numeric values in this row are engineering estimates. No cell in this CSV is a measured value transcribed from a cited source; the reference column gives topical grounding only.,PMID 9881360,"Grosch W, Nahrung 1998, doi 10.1002/(sici)1521-3803(199812)42:06<344::aid-food344>3.0.co;2-v","Establishes this compound as an odour-active constituent of coffee/espresso. NOT the source of the concentration, odour threshold or Henry constant in this row — no numeric value was digitised from it. Subject: Flavour of coffee. A review."
formic acid,acid,300000.0,2.5,1500000.0,0.2,1.2e-05,0.0003222750820525305,1.631605725482373e-06,197.52019560807318,6500,41.6,3.75,0.05324021520202244,gas-film,4.79818674864667e-06,2.415671754179442,0.6755393041316965,1.8617674963916642e-06,4.832826099199217e-06,4.178189466008675e-05,0.00023970780136139958,2.151240979543614e-07,0.19999903343478018,0.199991643621068,2.416415969097585e-06,2.089116555048509e-05,False,0.052790163524382594,"engineering estimate: order-of-magnitude value for roasted-arabica espresso, consistent with the range reported in the coffee-aroma literature. NOT digitised from a specific table.",engineering estimate from structural analogy.,engineering estimate from structural analogy to the nearest compilation compound.,ALL numeric values in this row are engineering estimates. No cell in this CSV is a measured value transcribed from a cited source; the reference column gives topical grounding only.,PMID 9881360,"Grosch W, Nahrung 1998, doi 10.1002/(sici)1521-3803(199812)42:06<344::aid-food344>3.0.co;2-v","Establishes this compound as an odour-active constituent of coffee/espresso. NOT the source of the concentration, odour threshold or Henry constant in this row — no numeric value was digitised from it. Subject: Flavour of coffee. A review."
3-methylbutanoic acid,acid,1000.0,3.0,250.0,4.0,2e-05,0.0006252179276199179,2.480096704301257e-06,252.0941729955917,6800,140.0,4.77,0.3706114527824976,gas-film,6.222545929676691e-05,1.6785238239007574,0.45078804208947904,1.5870196117928614e-05,4.0836128841315045e-05,0.0003506668510151467,0.001971237268417747,2.464737365088282e-06,3.9998366554846347,3.9985973325959394,2.0418272873579113e-05,0.00017534879910829915,False,0.03339683846678758,"engineering estimate: order-of-magnitude value for roasted-arabica espresso, consistent with the range reported in the coffee-aroma literature. NOT digitised from a specific table.","engineering estimate: approximate orthonasal detection threshold in water, consistent with published odour-threshold compilations. NOT digitised from a specific table.",engineering estimate from structural analogy to the nearest compilation compound.,ALL numeric values in this row are engineering estimates. No cell in this CSV is a measured value transcribed from a cited source; the reference column gives topical grounding only.,PMID 9881360,"Grosch W, Nahrung 1998, doi 10.1002/(sici)1521-3803(199812)42:06<344::aid-food344>3.0.co;2-v","Establishes this compound as an odour-active constituent of coffee/espresso. NOT the source of the concentration, odour threshold or Henry constant in this row — no numeric value was digitised from it. Subject: Flavour of coffee. A review."
"4-hydroxy-2,5-dimethyl-3(2H)-furanone",furanone,15000.0,3.0,60.0,250.0,2e-06,0.00019041815584608726,1.262319656814595e-07,1508.478100757764,9000,131.0,,1.0,gas-film,5.1249881486067546e-05,1.7123184325173095,0.46088364874695475,9.53338967180084e-06,2.375569006984879e-05,0.00019929670656704257,0.001480249374671394,9.513332367137191e-07,249.99406107748254,249.95017582335825,1.1877915577329645e-05,9.965331867545224e-05,False,0.02496777806122411,"engineering estimate: order-of-magnitude value for roasted-arabica espresso, consistent with the range reported in the coffee-aroma literature. NOT digitised from a specific table.","engineering estimate: approximate orthonasal detection threshold in water, consistent with published odour-threshold compilations. NOT digitised from a specific table.",engineering estimate from structural analogy to the nearest compilation compound.,ALL numeric values in this row are engineering estimates. No cell in this CSV is a measured value transcribed from a cited source; the reference column gives topical grounding only.,PMID 10563955,"Czerny M et al., J Agric Food Chem 1999, doi 10.1021/jf980759i","Establishes this compound as an odour-active constituent of coffee/espresso. NOT the source of the concentration, odour threshold or Henry constant in this row — no numeric value was digitised from it. Subject: Sensory study on the character impact odorants of roasted arabica coffee."
