path,cluster,file,bytes,modified,sha256_12
founders/capital-raise/working-files/Son Investor Materials - Internal Review.md,working-files,Son Investor Materials - Internal Review.md,12867,2026-09-05,5372c5a1662f
founders/capital-raise/working-files/St_Elmo_Classification_Appendix_2026-08-22_part1.md,working-files,St_Elmo_Classification_Appendix_2026-08-22_part1.md,37256,2026-08-22,e82b1cf1805b
founders/capital-raise/working-files/St_Elmo_Classification_Appendix_2026-08-22_part2.md,working-files,St_Elmo_Classification_Appendix_2026-08-22_part2.md,34921,2026-08-22,90ae14f2d6bd
founders/capital-raise/working-files/St_Elmo_Classification_Main_2026-08-22.md,working-files,St_Elmo_Classification_Main_2026-08-22.md,33984,2026-08-22,07938ad03a25
founders/capital-raise/working-files/St_Elmo_Exhibit_Build_Specification_2026-08-22_part1.md,working-files,St_Elmo_Exhibit_Build_Specification_2026-08-22_part1.md,54782,2026-08-22,921f639c1877
founders/capital-raise/working-files/St_Elmo_Exhibit_Build_Specification_2026-08-22_part2.md,working-files,St_Elmo_Exhibit_Build_Specification_2026-08-22_part2.md,61879,2026-08-22,0340a463d784
founders/capital-raise/working-files/_tmp_repr_part1_copy.md,working-files,_tmp_repr_part1_copy.md,54782,2026-08-22,921f639c1877
founders/profiles/_source/founder-development/01-founder-coach.md,founder-development,01-founder-coach.md,44779,2026-08-06,d4a025f23a89
founders/profiles/_source/founder-development/02-executive-presence-coach.md,founder-development,02-executive-presence-coach.md,42979,2026-08-06,35be74e1314e
founders/profiles/_source/founder-development/03-mental-performance-coach.md,founder-development,03-mental-performance-coach.md,44570,2026-08-06,ebb595b00d9e
founders/profiles/_source/founder-development/04-movement-practice-designer.md,founder-development,04-movement-practice-designer.md,48501,2026-08-06,1226a8671222
founders/profiles/_source/founder-development/05-behavior-designer.md,founder-development,05-behavior-designer.md,48952,2026-08-06,eb3a32655b6f
founders/profiles/_source/founder-development/06-intelligence-curator.md,founder-development,06-intelligence-curator.md,43229,2026-08-06,62db4b900c20
founders/profiles/_source/investment/Business_Plan_Architect_Profile.md,investment,Business_Plan_Architect_Profile.md,25928,2026-06-26,e133f5b7d67d
founders/profiles/_source/investment/Hospitality Investment Analyst Profile.md,investment,Hospitality Investment Analyst Profile.md,18987,2026-06-26,4dd1daed549e
founders/profiles/_source/investment/Investment Thesis Architect Profile.md,investment,Investment Thesis Architect Profile.md,22101,2026-06-26,b8edcd42def6
founders/profiles/_source/investment/Investor Targeting Strategist Profile.md,investment,Investor Targeting Strategist Profile.md,21609,2026-06-26,820e0ed4d62a
founders/profiles/_source/investment/Investor_Design_Director_Profile.md,investment,Investor_Design_Director_Profile.md,33773,2026-06-26,b3816b0ab3ec
founders/profiles/_source/investment/Investor_Financial_Exhibit_Architect_Profile.md,investment,Investor_Financial_Exhibit_Architect_Profile.md,41362,2026-08-10,17e522ab163e
founders/profiles/_source/investment/Investor_Website_Architect_Profile.md,investment,Investor_Website_Architect_Profile.md,30004,2026-06-26,56dc6db6685c
founders/profiles/_source/investment/Market Competitive Analyst Profile.md,investment,Market Competitive Analyst Profile.md,22014,2026-06-26,4e435f58ca69
founders/profiles/_source/investment/Operating_Systems_Futurist_Profile.md,investment,Operating_Systems_Futurist_Profile.md,36231,2026-07-02,93725c726e07
founders/profiles/_source/investment/Pitch_Deck_Architect_Profile.md,investment,Pitch_Deck_Architect_Profile.md,23079,2026-06-26,344d40460e8c
founders/profiles/_source/investment/Private_Raise_Compliance_Advisor_Profile.md,investment,Private_Raise_Compliance_Advisor_Profile.md,26952,2026-06-26,99a29fa1462e
profiles/_source/design-translating-team/01_Design_Brief_Translator_Profile.md,design-translating-team,01_Design_Brief_Translator_Profile.md,21598,2026-06-26,a99cc26a6b9f
profiles/_source/design-translating-team/02_Platform_Prompt_Specialist_Profile.md,design-translating-team,02_Platform_Prompt_Specialist_Profile.md,26038,2026-06-26,be21e3053afa
profiles/_source/design-translating-team/03_Brand_Identity_Specialist_Profile.md,design-translating-team,03_Brand_Identity_Specialist_Profile.md,21801,2026-06-26,8c35ca01065d
profiles/_source/design-translating-team/04_Editorial_Layout_Specialist_Profile.md,design-translating-team,04_Editorial_Layout_Specialist_Profile.md,23445,2026-06-26,0cbf5342b8e6
profiles/_source/design-translating-team/05_Web_UI_Specialist_Profile.md,design-translating-team,05_Web_UI_Specialist_Profile.md,25080,2026-06-26,b46290d99313
profiles/_source/design-translating-team/06_Environmental_Signage_Specialist_Profile.md,design-translating-team,06_Environmental_Signage_Specialist_Profile.md,26835,2026-06-26,09ab69650cdc
profiles/_source/design-translating-team/07_Image_Campaign_Specialist_Profile.md,design-translating-team,07_Image_Campaign_Specialist_Profile.md,26991,2026-06-26,e6c1e795bfae
profiles/_source/design-translating-team/08_Design_Director_Profile.md,design-translating-team,08_Design_Director_Profile.md,24393,2026-06-26,383051e0b570
profiles/_source/design-translating-team/09_Creative_Director_Profile.md,design-translating-team,09_Creative_Director_Profile.md,30754,2026-06-26,8d7a9a64ed68
profiles/_source/design-translating-team/10_Motion_Interaction_Specialist_Profile.md,design-translating-team,10_Motion_Interaction_Specialist_Profile.md,46019,2026-07-18,da7b32cf58ae
profiles/_source/learning-and-development/Assessment & Competency Designer.md,learning-and-development,Assessment & Competency Designer.md,39743,2026-07-15,3177dfed8699
profiles/_source/learning-and-development/Curriculum & Program Architect.md,learning-and-development,Curriculum & Program Architect.md,23725,2026-07-15,44b10b57b5cc
profiles/_source/learning-and-development/Educational Materials Author and Editor.md,learning-and-development,Educational Materials Author and Editor.md,35545,2026-07-15,f614a27639b2
profiles/_source/learning-and-development/HighScope.md,learning-and-development,HighScope.md,33418,2026-07-16,ebf212a901c6
profiles/_source/learning-and-development/Hospitality Craft Educator.md,learning-and-development,Hospitality Craft Educator.md,95010,2026-09-27,81c04ff9740a
profiles/_source/learning-and-development/Instructional Designer.md,learning-and-development,Instructional Designer.md,35700,2026-07-15,2e16fbc1944d
profiles/_source/learning-and-development/Learner Advocate.md,learning-and-development,Learner Advocate.md,35599,2026-07-16,a1bb4f511691
profiles/_source/learning-and-development/Practice and Simulation Designer.md,learning-and-development,Practice and Simulation Designer.md,53045,2026-09-27,712a8a8d08a6
profiles/_source/learning-and-development/TBRI.md,learning-and-development,TBRI.md,35998,2026-07-16,abe3cd41162f
profiles/_source/narrative-and-structure/Narrative_Architect_Profile.md,narrative-and-structure,Narrative_Architect_Profile.md,30038,2026-07-18,386aec548b4e
profiles/_source/people-and-culture/Culture Implementer.md,people-and-culture,Culture Implementer.md,44689,2026-07-16,ef15fc6456a9
profiles/_source/people-and-culture/Culture Signal Designer.md,people-and-culture,Culture Signal Designer.md,40425,2026-07-16,c84107f68720
profiles/_source/people-and-culture/Emerging Leader Advocate.md,people-and-culture,Emerging Leader Advocate.md,49949,2026-07-16,1bb3168891d0
profiles/_source/people-and-culture/Frontline Advocate.md,people-and-culture,Frontline Advocate.md,47696,2026-07-16,ff40530cda4b
profiles/_source/people-and-culture/HR Implementer.md,people-and-culture,HR Implementer.md,39547,2026-07-16,b52ad53d7869
profiles/_source/people-and-culture/HR Systems Designer.md,people-and-culture,HR Systems Designer.md,32938,2026-07-15,1a838fdcbb17
profiles/_source/people-and-culture/Performance and Feedback Systems Designer.md,people-and-culture,Performance and Feedback Systems Designer.md,48164,2026-07-16,1ed549192a4c
profiles/_source/people-and-culture/Values and Belonging Designer.md,people-and-culture,Values and Belonging Designer.md,37465,2026-07-15,8342eda277ef
profiles/_source/scaling-people/Hospitality Operations Realist.md,scaling-people,Hospitality Operations Realist.md,52283,2026-07-17,9fb30514a4fb
profiles/_source/scaling-people/Organizational Systems Architect.md,scaling-people,Organizational Systems Architect.md,34325,2026-07-17,b7f6ebcfab88
profiles/_source/scaling-people/People Systems Designer.md,scaling-people,People Systems Designer.md,57098,2026-07-17,479c0e6259e0
profiles/_source/voice/Gladwell_Narrative_Voice_Profile.md,voice,Gladwell_Narrative_Voice_Profile.md,17833,2026-06-25,c3ef120ee07b
profiles/_source/voice/Graham_Clarity_Voice_Profile.md,voice,Graham_Clarity_Voice_Profile.md,18425,2026-06-25,d55cd3c83860
profiles/_source/voice/House_Voice_Brandon_Profile.md,voice,House_Voice_Brandon_Profile.md,24581,2026-07-05,a1ffd8a698b3
profiles/_source/voice/Vee_Conviction_Voice_Profile.md,voice,Vee_Conviction_Voice_Profile.md,20375,2026-06-25,a949994f0b00
