material,T_setpoint_C,duty,shots_per_h,Q_useful_W,Q_parasitic_W,Q_total_W,k_integral_W_per_m,A_over_L_m,neck_length_mm,neck_area_mm2,neck_dia_mm
6061 Al,-30,idle,0,0.0,21.360601421735304,21.360601421735304,18501.664023389614,0.001154523257731383,50.0,57.726162886569156,8.573169387863695
6061 Al,-30,idle,0,0.0,21.360601421735304,21.360601421735304,18501.664023389614,0.001154523257731383,100.0,115.45232577313831,12.124292420838684
6061 Al,-30,30/h,30,96.2,21.360601421735304,117.5606014217353,18501.664023389614,0.006354055574304906,50.0,317.7027787152453,20.11247725499012
6061 Al,-30,30/h,30,96.2,21.360601421735304,117.5606014217353,18501.664023389614,0.006354055574304906,100.0,635.4055574304906,28.44333810692743
6061 Al,-30,60/h,60,192.4,21.360601421735304,213.76060142173532,18501.664023389614,0.011553587890878429,50.0,577.6793945439215,27.120550313590375
6061 Al,-30,60/h,60,192.4,21.360601421735304,213.76060142173532,18501.664023389614,0.011553587890878429,100.0,1155.358789087843,38.35425007250141
6061 Al,-25,idle,0,0.0,19.66307933608627,19.66307933608627,19195.13892524541,0.001024378068461147,50.0,51.21890342305735,8.075514427961094
6061 Al,-25,idle,0,0.0,19.66307933608627,19.66307933608627,19195.13892524541,0.001024378068461147,100.0,102.4378068461147,11.420502027162186
6061 Al,-25,30/h,30,96.2,19.66307933608627,115.86307933608627,19195.13892524541,0.006036063598565748,50.0,301.8031799282874,19.602748363724846
6061 Al,-25,30/h,30,96.2,19.66307933608627,115.86307933608627,19195.13892524541,0.006036063598565748,100.0,603.6063598565748,27.722472595766675
6061 Al,-25,60/h,60,192.4,19.66307933608627,212.06307933608628,19195.13892524541,0.01104774912867035,50.0,552.3874564335175,26.520210284739946
6061 Al,-25,60/h,60,192.4,19.66307933608627,212.06307933608628,19195.13892524541,0.01104774912867035,100.0,1104.774912867035,37.50524106166567
6061 Al,-20,idle,0,0.0,17.640306076495513,17.640306076495513,19896.11382788099,0.0008866206852805421,50.0,44.33103426402711,7.512923923744255
6061 Al,-20,idle,0,0.0,17.640306076495513,17.640306076495513,19896.11382788099,0.0008866206852805421,100.0,88.66206852805422,10.624878906036413
6061 Al,-20,30/h,30,96.2,17.640306076495513,113.84030607649552,19896.11382788099,0.005721735765150673,50.0,286.08678825753367,19.08551838530374
6061 Al,-20,30/h,30,96.2,17.640306076495513,113.84030607649552,19896.11382788099,0.005721735765150673,100.0,572.1735765150673,26.990998945417605
6061 Al,-20,60/h,60,192.4,17.640306076495513,210.0403060764955,19896.11382788099,0.010556850845020803,50.0,527.8425422510401,25.924312877828896
6061 Al,-20,60/h,60,192.4,17.640306076495513,210.0403060764955,19896.11382788099,0.010556850845020803,100.0,1055.6850845020801,36.66251486702911
6061 Al,-15,idle,0,0.0,15.75042379639804,15.75042379639804,20604.58872702218,0.0007644134034930736,50.0,38.220670174653684,6.97596363899991
6061 Al,-15,idle,0,0.0,15.75042379639804,15.75042379639804,20604.58872702218,0.0007644134034930736,100.0,76.44134034930737,9.865502388895242
6061 Al,-15,30/h,30,96.2,15.75042379639804,111.95042379639804,20604.58872702218,0.00543327630944553,50.0,271.6638154722765,18.598201868270454
6061 Al,-15,30/h,30,96.2,15.75042379639804,111.95042379639804,20604.58872702218,0.00543327630944553,100.0,543.327630944553,26.301829317860708
6061 Al,-15,60/h,60,192.4,15.75042379639804,208.15042379639806,20604.58872702218,0.010102139215397987,50.0,505.1069607698994,25.35985324825892
6061 Al,-15,60/h,60,192.4,15.75042379639804,208.15042379639806,20604.58872702218,0.010102139215397987,100.0,1010.2139215397988,35.864248403479145
6061 Al,-10,idle,0,0.0,13.770676507984206,13.770676507984206,21320.56362293088,0.0006458870765111221,50.0,32.29435382555611,6.412366829990883
6061 Al,-10,idle,0,0.0,13.770676507984206,13.770676507984206,21320.56362293088,0.0006458870765111221,100.0,64.58870765111222,9.068456137884475
6061 Al,-10,30/h,30,96.2,13.770676507984206,109.97067650798421,21320.56362293088,0.0051579629156570505,50.0,257.8981457828525,18.120875192015472
6061 Al,-10,30/h,30,96.2,13.770676507984206,109.97067650798421,21320.56362293088,0.0051579629156570505,100.0,515.796291565705,25.626787458618445
6061 Al,-10,60/h,60,192.4,13.770676507984206,206.1706765079842,21320.56362293088,0.00967003875480298,50.0,483.501937740149,24.811565591208396
6061 Al,-10,60/h,60,192.4,13.770676507984206,206.1706765079842,21320.56362293088,0.00967003875480298,100.0,967.003875480298,35.088852562796525
6061 Al,-5,idle,0,0.0,11.673510591399928,11.673510591399928,22044.038514977845,0.0005295540825456438,50.0,26.477704127282195,5.806243187178188
6061 Al,-5,idle,0,0.0,11.673510591399928,11.673510591399928,22044.038514977845,0.0005295540825456438,100.0,52.95540825456439,8.211267861743778
6061 Al,-5,30/h,30,96.2,11.673510591399928,107.87351059139993,22044.038514977845,0.0048935457320175325,50.0,244.67728660087667,17.650291697270475
6061 Al,-5,30/h,30,96.2,11.673510591399928,107.87351059139993,22044.038514977845,0.0048935457320175325,100.0,489.35457320175334,24.961281898121143
6061 Al,-5,60/h,60,192.4,11.673510591399928,204.07351059139992,22044.038514977845,0.00925753738148942,50.0,462.876869074471,24.276596426369515
6061 Al,-5,60/h,60,192.4,11.673510591399928,204.07351059139992,22044.038514977845,0.00925753738148942,100.0,925.753738148942,34.33229191442998
6061 Al,0,idle,0,0.0,9.428003916109876,9.428003916109876,22775.01340216601,0.0004139626067229111,50.0,20.698130336145557,5.133583353376375
6061 Al,0,idle,0,0.0,9.428003916109876,9.428003916109876,22775.01340216601,0.0004139626067229111,100.0,41.39626067229111,7.259983201917622
6061 Al,0,30/h,30,96.2,9.428003916109876,105.62800391610988,22775.01340216601,0.004637889868642807,50.0,231.89449343214037,17.18305092945166
6061 Al,0,30/h,30,96.2,9.428003916109876,105.62800391610988,22775.01340216601,0.004637889868642807,100.0,463.78898686428073,24.30050366737816
6061 Al,0,60/h,60,192.4,9.428003916109876,201.82800391610988,22775.01340216601,0.008861817130562702,50.0,443.09085652813513,23.75206939283809
6061 Al,0,60/h,60,192.4,9.428003916109876,201.82800391610988,22775.01340216601,0.008861817130562702,100.0,886.1817130562703,33.59049866977851
6061 Al,4,idle,0,0.0,7.504667793818223,7.504667793818223,23365.19331634907,0.0003211900578869624,50.0,16.05950289434812,4.521901608159208
6061 Al,4,idle,0,0.0,7.504667793818223,7.504667793818223,23365.19331634907,0.0003211900578869624,100.0,32.11900578869624,6.394934581975461
6061 Al,4,30/h,30,96.2,7.504667793818223,103.70466779381823,23365.19331634907,0.004438425412951927,50.0,221.92127064759637,16.809489510582836
6061 Al,4,30/h,30,96.2,7.504667793818223,103.70466779381823,23365.19331634907,0.004438425412951927,100.0,443.84254129519275,23.77220804243453
6061 Al,4,60/h,60,192.4,7.504667793818223,199.90466779381822,23365.19331634907,0.008555660768016891,50.0,427.7830384008446,23.338172187618206
6061 Al,4,60/h,60,192.4,7.504667793818223,199.90466779381822,23365.19331634907,0.008555660768016891,100.0,855.5660768016892,33.00515962872824
C101 Cu,-30,idle,0,0.0,21.360601421735304,21.360601421735304,71702.38723721213,0.0002979064190857173,50.0,14.895320954285866,4.354918101470918
C101 Cu,-30,idle,0,0.0,21.360601421735304,21.360601421735304,71702.38723721213,0.0002979064190857173,100.0,29.790641908571732,6.158784242124263
C101 Cu,-30,30/h,30,96.2,21.360601421735304,117.5606014217353,71702.38723721213,0.0016395632830579407,50.0,81.97816415289704,10.216547381785054
C101 Cu,-30,30/h,30,96.2,21.360601421735304,117.5606014217353,71702.38723721213,0.0016395632830579407,100.0,163.95632830579407,14.448379867947759
C101 Cu,-30,60/h,60,192.4,21.360601421735304,213.76060142173532,71702.38723721213,0.0029812201470301642,50.0,149.0610073515082,13.776442542906317
C101 Cu,-30,60/h,60,192.4,21.360601421735304,213.76060142173532,71702.38723721213,0.0029812201470301642,100.0,298.1220147030164,19.482831885431803
C101 Cu,-25,idle,0,0.0,19.66307933608627,19.66307933608627,73703.7088062322,0.0002667854800601786,50.0,13.33927400300893,4.12117594367053
C101 Cu,-25,idle,0,0.0,19.66307933608627,19.66307933608627,73703.7088062322,0.0002667854800601786,100.0,26.67854800601786,5.828222912464602
C101 Cu,-25,30/h,30,96.2,19.66307933608627,115.86307933608627,73703.7088062322,0.0015720115203522727,50.0,78.60057601761363,10.003867333416009
C101 Cu,-25,30/h,30,96.2,19.66307933608627,115.86307933608627,73703.7088062322,0.0015720115203522727,100.0,157.20115203522727,14.147604859098088
C101 Cu,-25,60/h,60,192.4,19.66307933608627,212.06307933608628,73703.7088062322,0.002877237560644367,50.0,143.86187803221833,13.534054532566625
C101 Cu,-25,60/h,60,192.4,19.66307933608627,212.06307933608628,73703.7088062322,0.002877237560644367,100.0,287.72375606443666,19.140043473852778
C101 Cu,-20,idle,0,0.0,17.640306076495513,17.640306076495513,75703.52781338917,0.00023301828311065301,50.0,11.650914155532652,3.851545746208768
C101 Cu,-20,idle,0,0.0,17.640306076495513,17.640306076495513,75703.52781338917,0.00023301828311065301,100.0,23.301828311065304,5.446908230388843
C101 Cu,-20,30/h,30,96.2,17.640306076495513,113.84030607649552,75703.52781338917,0.0015037648754905363,50.0,75.18824377452682,9.784306070075433
C101 Cu,-20,30/h,30,96.2,17.640306076495513,113.84030607649552,75703.52781338917,0.0015037648754905363,100.0,150.37648754905365,13.837098342710076
C101 Cu,-20,60/h,60,192.4,17.640306076495513,210.0403060764955,75703.52781338917,0.0027745114678704194,50.0,138.725573393521,13.290255298928274
C101 Cu,-20,60/h,60,192.4,17.640306076495513,210.0403060764955,75703.52781338917,0.0027745114678704194,100.0,277.451146787042,18.795259291145257
C101 Cu,-15,idle,0,0.0,15.75042379639804,15.75042379639804,77701.93590018686,0.00020270310660767157,50.0,10.13515533038358,3.5922806904079403
C101 Cu,-15,idle,0,0.0,15.75042379639804,15.75042379639804,77701.93590018686,0.00020270310660767157,100.0,20.27031066076716,5.080252072225894
C101 Cu,-15,30/h,30,96.2,15.75042379639804,111.95042379639804,77701.93590018686,0.0014407674982539118,50.0,72.03837491269559,9.577165952269048
C101 Cu,-15,30/h,30,96.2,15.75042379639804,111.95042379639804,77701.93590018686,0.0014407674982539118,100.0,144.07674982539118,13.544157978796727
C101 Cu,-15,60/h,60,192.4,15.75042379639804,208.15042379639806,77701.93590018686,0.0026788318899001523,50.0,133.94159449500762,13.059086292536904
C101 Cu,-15,60/h,60,192.4,15.75042379639804,208.15042379639806,77701.93590018686,0.0026788318899001523,100.0,267.88318899001524,18.46833694710627
C101 Cu,-10,idle,0,0.0,13.770676507984206,13.770676507984206,79698.97761870589,0.00017278360299507952,50.0,8.639180149753976,3.316586468156349
C101 Cu,-10,idle,0,0.0,13.770676507984206,13.770676507984206,79698.97761870589,0.00017278360299507952,100.0,17.278360299507952,4.690361564049792
C101 Cu,-10,30/h,30,96.2,13.770676507984206,109.97067650798421,79698.97761870589,0.0013798254355796573,50.0,68.99127177898286,9.372428472416955
C101 Cu,-10,30/h,30,96.2,13.770676507984206,109.97067650798421,79698.97761870589,0.0013798254355796573,100.0,137.98254355796573,13.254615458063808
C101 Cu,-10,60/h,60,192.4,13.770676507984206,206.1706765079842,79698.97761870589,0.002586867268164235,50.0,129.34336340821176,12.832968679942544
C101 Cu,-10,60/h,60,192.4,13.770676507984206,206.1706765079842,79698.97761870589,0.002586867268164235,100.0,258.6867268164235,18.1485583526839
C101 Cu,-5,idle,0,0.0,11.673510591399928,11.673510591399928,81694.71550049467,0.00014289186907480257,50.0,7.1445934537401286,3.0160866891317806
C101 Cu,-5,idle,0,0.0,11.673510591399928,11.673510591399928,81694.71550049467,0.00014289186907480257,100.0,14.289186907480257,4.2653907010631285
C101 Cu,-5,30/h,30,96.2,11.673510591399928,107.87351059139993,81694.71550049467,0.0013204466155555283,50.0,66.02233077777642,9.168546361438674
C101 Cu,-5,30/h,30,96.2,11.673510591399928,107.87351059139993,81694.71550049467,0.0013204466155555283,100.0,132.04466155555284,12.966282611593067
C101 Cu,-5,60/h,60,192.4,11.673510591399928,204.07351059139992,81694.71550049467,0.0024980013620362535,50.0,124.90006810181268,12.61061877337281
C101 Cu,-5,60/h,60,192.4,11.673510591399928,204.07351059139992,81694.71550049467,0.0024980013620362535,100.0,249.80013620362536,17.834108099220593
C101 Cu,0,idle,0,0.0,9.428003916109876,9.428003916109876,83689.2313102914,0.00011265492308268459,50.0,5.63274615413423,2.678028220332752
C101 Cu,0,idle,0,0.0,9.428003916109876,9.428003916109876,83689.2313102914,0.00011265492308268459,100.0,11.26549230826846,3.787303829612461
C101 Cu,0,30/h,30,96.2,9.428003916109876,105.62800391610988,83689.2313102914,0.00126214570575367,50.0,63.10728528768351,8.963854705937742
C101 Cu,0,30/h,30,96.2,9.428003916109876,105.62800391610988,83689.2313102914,0.00126214570575367,100.0,126.21457057536702,12.676804896279044
C101 Cu,0,60/h,60,192.4,9.428003916109876,201.82800391610988,83689.2313102914,0.0024116364884246553,50.0,120.58182442123277,12.390704065121794
C101 Cu,0,60/h,60,192.4,9.428003916109876,201.82800391610988,83689.2313102914,0.0024116364884246553,100.0,241.16364884246553,17.52310173624668
C101 Cu,4,idle,0,0.0,7.504667793818223,7.504667793818223,85284.03144276573,8.799616606837611e-05,50.0,4.399808303418805,2.366856548497806
C101 Cu,4,idle,0,0.0,7.504667793818223,7.504667793818223,85284.03144276573,8.799616606837611e-05,100.0,8.79961660683761,3.3472406310771707
C101 Cu,4,30/h,30,96.2,7.504667793818223,103.70466779381823,85284.03144276573,0.0012159916228094193,50.0,60.79958114047097,8.798433440754204
C101 Cu,4,30/h,30,96.2,7.504667793818223,103.70466779381823,85284.03144276573,0.0012159916228094193,100.0,121.59916228094194,12.442863899551568
C101 Cu,4,60/h,60,192.4,7.504667793818223,199.90466779381822,85284.03144276573,0.002343987079550462,50.0,117.19935397752312,12.215680582824548
C101 Cu,4,60/h,60,192.4,7.504667793818223,199.90466779381822,85284.03144276573,0.002343987079550462,100.0,234.39870795504623,17.27558115384815
