theta_deg,T_C,delta_um,u_mm_s,Re_film,t_res_s,Fourier,A_over_V_per_m
10,78,222.6542189250332,65.81265523411625,137.0344956665231,2.2791969031853063,7.236452194822793,4491.269039625501
10,20,313.1701412284565,46.790748597724715,49.24721180831885,3.2057619186561594,5.144892181950473,3193.152438087971
10,0,377.3921112083505,38.82822377928502,28.141305369042414,3.8631692464908856,4.269370141489485,2649.7639200728295
15,78,194.91963756514056,75.17695769179534,137.0344956665231,1.9952922358864051,8.266107157562061,5130.319410048195
15,20,274.1605828049796,53.448476059588025,49.24721180831885,2.8064411010104333,5.876944799073233,3647.497352715129
15,0,330.38284157302513,44.35298539344928,28.141305369042414,3.381959493129278,4.8768471254596895,3026.7915707691745
20,78,177.62487166468676,82.49669772708907,137.0344956665231,1.8182545984594625,9.070951585362558,5629.842209754052
20,20,249.83495221191262,58.652583302697494,49.24721180831885,2.557432112169241,6.449164126002483,4002.642509170573
20,0,301.0687407779082,48.671493788005684,28.141305369042414,3.0818860964765604,5.3516901391472524,3321.500589586875
30,78,156.50600435809582,93.62877422265909,137.0344956665231,1.602071598665643,10.294982725007923,6389.531213843627
30,20,220.13060306945627,66.56714306057276,49.24721180831885,2.2533639435826096,7.319412152422223,4542.757735890439
30,0,265.2729047158624,55.23920870180913,28.141305369042414,2.7154625043549427,6.073845396884462,3769.70275600184
45,78,139.43099866389394,105.09474569466173,137.0344956665231,1.4272835336202658,11.555727396822002,7172.006294027591
45,20,196.11407209803843,74.71909174987357,49.24721180831885,2.0075190488414068,8.215762357028368,5099.073153200831
45,0,236.33129076872615,62.003915346421635,28.141305369042414,2.419202064287974,6.81766094530139,4231.348277019314
