Tw_C,x_onset_wall_mm,x_bulk_at_Tf_mm,x_fully_frozen_mm,frozen_frac_outlet
-196.0,0.5000326745381541,1.000027935483002,3.000008979262393,1.0
-60.0,0.5000326745381541,3.5000042402072413,7.499966327766024,1.0
-30.0,0.5000326745381541,6.499975805876328,13.999904720049045,1.0
-20.0,0.5000326745381541,8.999952110600567,19.499852590442373,1.0
-12.0,0.5000326745381541,12.99991419815935,30.999743592173875,1.0
-8.0,0.5000326745381541,16.999876285718134,45.49960615957446,1.0
-5.0,0.5000326745381541,22.499824156111462,73.99933603343078,1.0
-3.0,0.5000326745381541,30.999743592173875,135.9987483905919,1.0
-2.5,2.9998204148417154,35.24628109068053,,0.8988104946842075
-2.0,5.999491175384861,41.24562261176681,,0.7325125326197282
-1.75,8.24924424579222,45.745128752581536,,0.6352269600862097
-1.5,5.499985283986633,52.999535073747175,,0.5289120484904688
-1.25,16.49833883728587,81.74117787909928,,0.3817845658689792
-1.0,30.746774949865813,,,0.1624631388806528
