Tw_C,Ste,lam,alpha_ice,C,t_freeze_film_s,x_freeze_mm
-196,0.810568748224241,0.569972017886753,3.3070850950098322e-06,0.0020730330004477414,0.00884094643018425,0.6646354557373904
-150,0.6892306643919056,0.5330507976461247,2.5173740957819715e-06,0.0016915018327293644,0.013279026726502151,0.9982768304064717
-100,0.5081427271733018,0.4680643061570864,1.9391617703283553e-06,0.0013035945609615684,0.022357647819751598,1.680779944233526
-50,0.2763850897398246,0.35622021103245993,1.497635592758692e-06,0.000871869787927554,0.04998134431719221,3.757445407112614
-30,0.16953878235459507,0.2834191190223019,1.3615549753094328e-06,0.0006614190971579426,0.08684758173829538,6.528936977974569
-20,0.1131216166859324,0.23352563650763702,1.2969489052265172e-06,0.0005318951050562536,0.13429480197690088,10.09587464644551
-10,0.054708443033237776,0.16391387541831307,1.2344807984418416e-06,0.0003642402066378025,0.2863752115373262,21.52881716172051
-5,0.02475335321287849,0.11079584551042346,1.204015589286618e-06,0.00024314734221110394,0.6426464855481787,48.31220765483639
-2,0.006540778362579091,0.05712513083063073,1.1859752621433663e-06,0.0001244213813187946,2.4542633005298367,184.50404830845753
