notice_date,job_site_name,county_name,wda_name,total_layoff_number,layoff_date,wfdd_received_date,city_name
2019-01-09T00:00:00.000,R1 RCM Inc.,Travis,Capital Area WDA,65,2019-04-12T00:00:00.000,2019-01-09T00:00:00.000,Austin
2019-01-09T00:00:00.000,R1 RCM Inc.,Travis,Capital Area WDA,65,2019-04-12T00:00:00.000,2019-01-09T00:00:00.000,Austin
2019-01-10T00:00:00.000,Chariot Transit Inc.,Travis,Capital Area WDA,79,2019-03-15T00:00:00.000,2019-01-18T00:00:00.000,Austin
2019-02-01T00:00:00.000,Yodle.com- Yodle Web.com,Travis,Capital Area WDA,155,2019-02-01T00:00:00.000,2019-02-08T00:00:00.000,Austin
2019-03-01T00:00:00.000,"Natera, Inc.",Travis,Capital Area WDA,92,2019-04-17T00:00:00.000,2019-03-01T00:00:00.000,Austin
2019-03-07T00:00:00.000,"Verizon Connect, Inc.",Travis,Capital Area WDA,133,2019-04-23T00:00:00.000,2019-03-08T00:00:00.000,Austin
2019-03-29T00:00:00.000,Yodle.com- Yodle Web.com,Travis,Capital Area WDA,10,2019-06-01T00:00:00.000,2019-03-29T00:00:00.000,Austin
2019-05-01T00:00:00.000,Mitratech Holdings,Travis,Capital Area WDA,83,2019-07-01T00:00:00.000,2019-05-01T00:00:00.000,Austin
2019-08-14T00:00:00.000,"SpiceWorks, Inc.",Travis,Capital Area WDA,59,2019-08-14T00:00:00.000,2019-08-16T00:00:00.000,Austin
2019-09-12T00:00:00.000,State Street Financial Services-Alterra Pkwy,Travis,Capital Area WDA,51,2019-11-13T00:00:00.000,2019-09-12T00:00:00.000,Austin
2019-09-12T00:00:00.000,"State Street Financial Services, Inc",Travis,Capital Area WDA,9,2019-11-13T00:00:00.000,2019-09-12T00:00:00.000,Austin
2019-10-04T00:00:00.000,Letter Ride-Howard Ln.,Travis,Capital Area WDA,91,2019-12-07T00:00:00.000,2019-10-04T00:00:00.000,Austin
2019-10-23T00:00:00.000,Harte-Hanks,Travis,Capital Area WDA,146,2019-12-22T00:00:00.000,2019-10-24T00:00:00.000,Austin
2019-10-29T00:00:00.000,Samsung Austin Semiconductors LLC-Central Processing Unit,Travis,Alamo WDA,290,2019-12-31T00:00:00.000,2019-10-29T00:00:00.000,Austin
2019-12-19T00:00:00.000,Car2go,Travis,Capital Area WDA,47,2020-03-06T00:00:00.000,2019-12-19T00:00:00.000,Austin
2020-02-12T00:00:00.000,Railcrew Xpress-RCX Logistics-Austin,Travis,Capital Area WDA,88,2020-04-12T00:00:00.000,2020-02-12T00:00:00.000,Austin
2020-02-25T00:00:00.000,Windhaven Insurance-Austin,Travis,Capital Area WDA,35,2020-02-28T00:00:00.000,2020-02-26T00:00:00.000,Austin
2020-03-06T00:00:00.000,"Aryzta, LLC",Travis,Capital Area WDA,95,2020-03-06T00:00:00.000,2020-03-06T00:00:00.000,Austin
2020-03-10T00:00:00.000,SXSW,Travis,Capital Area WDA,60,2020-03-06T00:00:00.000,2020-03-10T00:00:00.000,Austin
2020-03-19T00:00:00.000,Marriott Austin South,Travis,Capital Area WDA,69,2020-03-20T00:00:00.000,2020-03-19T00:00:00.000,Austin
2020-03-19T00:00:00.000,Punch Bowl Social-Domain,Travis,Capital Area WDA,92,2020-03-16T00:00:00.000,2020-03-19T00:00:00.000,Austin
2020-03-19T00:00:00.000,Punch Bowl Social-Congress,Travis,Capital Area WDA,130,2020-03-16T00:00:00.000,2020-03-19T00:00:00.000,Austin
2020-03-20T00:00:00.000,SA Burger,Hays,Rural Capital WDA,5,2020-03-20T00:00:00.000,2020-03-25T00:00:00.000,San Marcos
2020-03-20T00:00:00.000,Sydell Hotels LLC,Travis,Capital Area WDA,181,2020-03-16T00:00:00.000,2020-03-20T00:00:00.000,Austin
2020-03-20T00:00:00.000,Four Seasons Hotel-Austin,Travis,Capital Area WDA,369,2020-03-23T00:00:00.000,2020-03-30T00:00:00.000,Austin
2020-03-20T00:00:00.000,Sport Clips,Williamson,Rural Capital WDA,66,2020-03-23T00:00:00.000,2020-03-25T00:00:00.000,Georgetown
2020-03-21T00:00:00.000,Austin Hotel and Residences,Travis,Capital Area WDA,210,2020-03-23T00:00:00.000,2020-03-25T00:00:00.000,Austin
2020-03-23T00:00:00.000,Hooters - San Marcos,Hays,Rural Capital WDA,61,2020-03-16T00:00:00.000,2020-04-15T00:00:00.000,San Marcos
2020-03-23T00:00:00.000,Take 5 Department 209,Hays,Rural Capital WDA,8,2020-03-22T00:00:00.000,2020-04-09T00:00:00.000,San Marcos
2020-03-23T00:00:00.000,Take 5 Department 202,Hays,Rural Capital WDA,6,2020-03-22T00:00:00.000,2020-04-10T00:00:00.000,San Marcos
2020-03-23T00:00:00.000,Dyn365 dba Restaurant365,Travis,Capital Area WDA,95,2020-03-27T00:00:00.000,2020-03-30T00:00:00.000,Austin
2020-03-23T00:00:00.000,Eviti Gaming Headquarters,Travis,Capital Area WDA,183,2020-03-23T00:00:00.000,2020-04-07T00:00:00.000,Austin
2020-03-23T00:00:00.000,Eveti Production Facility,Travis,Capital Area WDA,48,2020-03-23T00:00:00.000,2020-04-07T00:00:00.000,Austin
2020-03-23T00:00:00.000,Holiday Inn-Austin,Travis,Capital Area WDA,67,2020-03-23T00:00:00.000,2020-04-30T00:00:00.000,Austin
2020-03-23T00:00:00.000,Take 5 Department 206,Travis,Capital Area WDA,7,2020-03-22T00:00:00.000,2020-04-09T00:00:00.000,Pflugerville
2020-03-23T00:00:00.000,Take 5 Department 241,Travis,Capital Area WDA,5,2020-03-22T00:00:00.000,2020-04-10T00:00:00.000,Austin
2020-03-23T00:00:00.000,Take 5 Department 244,Travis,Capital Area WDA,7,2020-03-22T00:00:00.000,2020-04-10T00:00:00.000,Austin
2020-03-23T00:00:00.000,Hooters - 27001 H35,Williamson,Rural Capital WDA,80,2020-03-16T00:00:00.000,2020-04-15T00:00:00.000,Round Rock
2020-03-25T00:00:00.000,Alsco - Kyle,Hays,Rural Capital WDA,3,2020-03-27T00:00:00.000,2020-03-31T00:00:00.000,Kyle
2020-03-26T00:00:00.000,Pappadeaux Seafood Kitchen 03,Travis,Capital Area WDA,125,2020-03-22T00:00:00.000,2020-04-08T00:00:00.000,Austin
2020-03-26T00:00:00.000,Pappas Catering Austin,Travis,Capital Area WDA,17,2020-03-24T00:00:00.000,2020-04-09T00:00:00.000,Austin
2020-03-26T00:00:00.000,Pappasito's 09,Travis,Capital Area WDA,128,2020-03-16T00:00:00.000,2020-04-09T00:00:00.000,Austin
2020-03-26T00:00:00.000,Pappadeaux Seafood Kitchen 39,Travis,Capital Area WDA,123,2020-03-17T00:00:00.000,2020-04-09T00:00:00.000,Austin
2020-03-26T00:00:00.000,Cinemark Southpark Meadows,Travis,Capital Area WDA,58,2020-03-26T00:00:00.000,2020-04-28T00:00:00.000,Austin
2020-03-26T00:00:00.000,Cinemark Stone Hill Town Center,Travis,Capital Area WDA,29,2020-03-26T00:00:00.000,2020-04-28T00:00:00.000,Pflugerville
2020-03-26T00:00:00.000,Tinseltown USA Pflugerville,Travis,Capital Area WDA,97,2020-03-26T00:00:00.000,2020-04-28T00:00:00.000,Pflugerville
2020-03-26T00:00:00.000,Cinemark Hill Country Galleria,Travis,Capital Area WDA,44,2020-03-26T00:00:00.000,2020-04-27T00:00:00.000,Austin
2020-03-26T00:00:00.000,Cinemark Cedar Park 12,Williamson,Rural Capital WDA,72,2020-03-26T00:00:00.000,2020-04-30T00:00:00.000,Cedar Park
2020-03-26T00:00:00.000,Cinemark 14 Round Rock,Williamson,Rural Capital WDA,52,2020-03-26T00:00:00.000,2020-04-30T00:00:00.000,Round Rock
2020-03-26T00:00:00.000,Movies 8 Round Rock,Williamson,Rural Capital WDA,23,2020-03-26T00:00:00.000,2020-04-30T00:00:00.000,Round Rock
2020-03-27T00:00:00.000,Paper Source-N. Lamar,Travis,Capital Area WDA,12,2020-03-29T00:00:00.000,2020-04-10T00:00:00.000,Austin
2020-03-27T00:00:00.000,Paper Source-Palm Way,Travis,Capital Area WDA,10,2020-03-29T00:00:00.000,2020-04-10T00:00:00.000,Austin
2020-03-27T00:00:00.000,"Compeat, Inc.",Travis,Capital Area WDA,56,2020-03-31T00:00:00.000,2020-04-14T00:00:00.000,Austin
2020-03-29T00:00:00.000,Suitsupply-Austin,Travis,Capital Area WDA,7,2020-03-29T00:00:00.000,2020-04-15T00:00:00.000,Austin
2020-03-30T00:00:00.000,Sport Clips - Kyle Parkway,Hays,Rural Capital WDA,12,2020-03-28T00:00:00.000,2020-04-13T00:00:00.000,Kyle
2020-03-30T00:00:00.000,Sports Clips - San Antonio Rd,Hays,Rural Capital WDA,7,2020-03-28T00:00:00.000,2020-04-13T00:00:00.000,Buda
2020-03-30T00:00:00.000,Sport Clips - FM620,Travis,Capital Area WDA,6,2020-03-28T00:00:00.000,2020-04-13T00:00:00.000,Austin
2020-03-30T00:00:00.000,Sport Clips - Town Center,Travis,Capital Area WDA,12,2020-03-28T00:00:00.000,2020-04-13T00:00:00.000,Pflugerville
2020-03-30T00:00:00.000,Sport Clips - Frontage Rd.,Travis,Capital Area WDA,13,2020-03-28T00:00:00.000,2020-04-13T00:00:00.000,Austin
2020-03-30T00:00:00.000,Sport Clips - Shops Pkwy,Travis,Capital Area WDA,13,2020-03-28T00:00:00.000,2020-04-13T00:00:00.000,Austin
2020-03-30T00:00:00.000,Double Tree by Hilton Hotel,Travis,Capital Area WDA,63,2020-03-13T00:00:00.000,2020-04-06T00:00:00.000,Austin
2020-03-30T00:00:00.000,Sport Clips - N. Mopac,Travis,Capital Area WDA,12,2020-03-28T00:00:00.000,2020-04-13T00:00:00.000,Austin
2020-03-30T00:00:00.000,Sport clips - Bee Caves,Travis,Capital Area WDA,6,2020-03-28T00:00:00.000,2020-04-13T00:00:00.000,Austin
2020-03-30T00:00:00.000,Sport Clips - Lakeline,Travis,Capital Area WDA,9,2020-03-28T00:00:00.000,2020-04-13T00:00:00.000,Austin
2020-03-30T00:00:00.000,Sport Clips - Hwy. 290,Travis,Capital Area WDA,13,2020-03-28T00:00:00.000,2020-04-13T00:00:00.000,Austin
2020-03-30T00:00:00.000,Sport Clips - S. IH-35 Round Rock,Williamson,Rural Capital WDA,6,2020-03-28T00:00:00.000,2020-04-13T00:00:00.000,Round Rock
2020-03-30T00:00:00.000,Sport Clips - Walton Way,Williamson,Rural Capital WDA,8,2020-03-28T00:00:00.000,2020-04-13T00:00:00.000,Cedar Park
2020-03-30T00:00:00.000,Sport Clips - Palm Valley,Williamson,Rural Capital WDA,8,2020-03-28T00:00:00.000,2020-04-13T00:00:00.000,Round Rock
2020-03-30T00:00:00.000,Sport Clips - University Oaks,Williamson,Rural Capital WDA,9,2020-03-28T00:00:00.000,2020-04-13T00:00:00.000,Round Rock
2020-03-30T00:00:00.000,Sport Clips - Whitestone Blvd,Williamson,Rural Capital WDA,10,2020-03-28T00:00:00.000,2020-04-13T00:00:00.000,Cedar Park
2020-03-30T00:00:00.000,Sport Clips - Rivery Blvd.,Williamson,Rural Capital WDA,17,2020-03-28T00:00:00.000,2020-04-13T00:00:00.000,Georgetown
2020-03-31T00:00:00.000,InterContinental-Stephen F Austin,Travis,Capital Area WDA,99,2020-04-03T00:00:00.000,2020-04-21T00:00:00.000,Austin
2020-03-31T00:00:00.000,"uShip, Inc.",Travis,Capital Area WDA,65,2020-04-09T00:00:00.000,2020-04-06T00:00:00.000,Austin
2020-03-31T00:00:00.000,"Flixbrewhouse-Cinema Breweries,Inc.",Williamson,Rural Capital WDA,168,2020-05-01T00:00:00.000,2020-04-08T00:00:00.000,Round Rock
2020-04-01T00:00:00.000,Courtyard by Marriott Austin,Travis,Capital Area WDA,53,2020-04-01T00:00:00.000,2020-04-21T00:00:00.000,Pflugerville
2020-04-01T00:00:00.000,Hyatt Place-Cedar Park,Williamson,Rural Capital WDA,12,2020-04-01T00:00:00.000,2020-04-21T00:00:00.000,Cedar Park
2020-04-03T00:00:00.000,David McDavid Acura,Travis,Capital Area WDA,13,2020-04-03T00:00:00.000,2020-04-22T00:00:00.000,Austin
2020-04-03T00:00:00.000,JW Marriott Austin,Travis,Capital Area WDA,166,2020-04-10T00:00:00.000,2020-04-14T00:00:00.000,Austin
2020-04-05T00:00:00.000,Ra Sushi-Austin,Travis,Capital Area WDA,55,2020-03-17T00:00:00.000,2020-04-13T00:00:00.000,Austin
2020-04-07T00:00:00.000,Epic Piping LLC,Hays,Rural Capital WDA,73,2020-04-07T00:00:00.000,2020-04-21T00:00:00.000,San Marcos
2020-04-10T00:00:00.000,Willie's Grill & Icehouse - Georgetown,Williamson,Rural Capital WDA,69,2020-03-17T00:00:00.000,2020-04-21T00:00:00.000,Georgetown
2020-04-13T00:00:00.000,America's Auto Auction Texas,Hays,Rural Capital WDA,1,2020-03-17T00:00:00.000,2020-04-13T00:00:00.000,Buda
2020-04-14T00:00:00.000,Paul Martin's American Grill,Travis,Capital Area WDA,81,2020-04-07T00:00:00.000,2020-04-22T00:00:00.000,Austin
2020-04-22T00:00:00.000,"Magic Leap, LLC-Austin",Travis,Capital Area WDA,15,2020-06-21T00:00:00.000,2020-04-29T00:00:00.000,Austin
2020-04-23T00:00:00.000,Go Rentals - Austin,Travis,Capital Area WDA,7,2020-03-21T00:00:00.000,2020-04-23T00:00:00.000,Austin
2020-04-27T00:00:00.000,Outback #4429,Hays,Rural Capital WDA,72,2020-03-15T00:00:00.000,2020-05-04T00:00:00.000,San Marcos
2020-04-27T00:00:00.000,Fleming's #5402,Travis,Capital Area WDA,37,2020-03-15T00:00:00.000,2020-05-01T00:00:00.000,Austin
2020-04-27T00:00:00.000,Outback #4422,Travis,Capital Area WDA,56,2020-03-15T00:00:00.000,2020-05-01T00:00:00.000,Austin
2020-04-27T00:00:00.000,Carrabba's #4403,Travis,Capital Area WDA,53,2020-03-15T00:00:00.000,2020-05-01T00:00:00.000,Austin
2020-04-27T00:00:00.000,Fleming's #5406,Travis,Capital Area WDA,59,2020-03-15T00:00:00.000,2020-05-01T00:00:00.000,Austin
2020-04-27T00:00:00.000,Outback #4441,Williamson,Rural Capital WDA,44,2020-03-15T00:00:00.000,2020-05-04T00:00:00.000,Round Rock
2020-05-14T00:00:00.000,St Edwards University,Travis,Capital Area WDA,95,2020-05-31T00:00:00.000,2020-05-18T00:00:00.000,Austin
2020-05-22T00:00:00.000,Sheraton Austin,Travis,Capital Area WDA,99,2020-05-21T00:00:00.000,2020-05-27T00:00:00.000,Austin
2020-05-29T00:00:00.000,Renaissance Hotel,Travis,Capital Area WDA,243,2020-03-21T00:00:00.000,2020-05-29T00:00:00.000,Austin
2020-06-12T00:00:00.000,Hyatt Corp dba Miraval Austin Wellness Resort & Spa,Travis,Capital Area WDA,137,2020-03-22T00:00:00.000,2020-06-12T00:00:00.000,Austin
2020-06-12T00:00:00.000,Hyatt Regency - Austin,Travis,Capital Area WDA,224,2020-03-15T00:00:00.000,2020-06-12T00:00:00.000,Austin
2020-06-25T00:00:00.000,Kimpton Hotel,Travis,Capital Area WDA,180,2020-06-30T00:00:00.000,2020-06-30T00:00:00.000,Austin
2020-07-16T00:00:00.000,Visionworks #262,Williamson,Rural Capital WDA,8,2020-04-04T00:00:00.000,2020-07-16T00:00:00.000,Round Rock
2020-07-27T00:00:00.000,Wyndhgam Vacation Ownership,Travis,Capital Area WDA,81,2020-04-03T00:00:00.000,2020-07-30T00:00:00.000,Austin
2020-08-13T00:00:00.000,"IPIC Theaters, LLC",Travis,Capital Area WDA,37,2020-08-13T00:00:00.000,2020-08-14T00:00:00.000,Austin
2020-08-20T00:00:00.000,Hilton-Austin,Travis,Capital Area WDA,77,2020-08-31T00:00:00.000,2020-08-25T00:00:00.000,Austin
2020-08-20T00:00:00.000,"Exela Enterprise Solutions, LLC",Travis,Capital Area WDA,81,2020-11-01T00:00:00.000,2020-08-21T00:00:00.000,Austin
2020-08-28T00:00:00.000,Equinor US,Travis,Capital Area WDA,228,2020-11-01T00:00:00.000,2020-10-02T00:00:00.000,Austin
2020-08-28T00:00:00.000,"Scoobeez, Inc.-Austin",Travis,Capital Area WDA,71,2020-11-01T00:00:00.000,2020-09-03T00:00:00.000,Austin
2020-08-31T00:00:00.000,Avis Budget Car Rental,Travis,Capital Area WDA,3,2020-04-01T00:00:00.000,2020-09-01T00:00:00.000,Austin
2020-09-01T00:00:00.000,Live Nation-Austin,Travis,Capital Area WDA,43,2020-05-01T00:00:00.000,2020-09-04T00:00:00.000,Austin
2020-10-20T00:00:00.000,Transform SR LLC - Round Rock,Williamson,Rural Capital WDA,170,2020-12-12T00:00:00.000,2020-10-20T00:00:00.000,Round Rock
2020-10-22T00:00:00.000,"Remedy Applications, Inc.",Travis,Capital Area WDA,82,2020-10-22T00:00:00.000,2020-10-26T00:00:00.000,Austin
2020-10-29T00:00:00.000,Alorica-Austin,Travis,Capital Area WDA,712,2020-12-31T00:00:00.000,2020-10-29T00:00:00.000,Austin
2020-11-06T00:00:00.000,Sodexo-Austin,Travis,Capital Area WDA,80,2020-03-01T00:00:00.000,2020-11-09T00:00:00.000,Austin
2020-12-03T00:00:00.000,Southwest-ABA,Travis,Capital Area WDA,77,2021-03-15T00:00:00.000,2020-12-10T00:00:00.000,Austin
2020-12-07T00:00:00.000,"Parsley Energy, Inc.-Congress Ave",Travis,Capital Area WDA,85,2021-02-08T00:00:00.000,2020-12-10T00:00:00.000,Austin
2020-12-07T00:00:00.000,"Parsley Energy, Inc.-ABA",Travis,Capital Area WDA,2,2021-02-08T00:00:00.000,2020-12-10T00:00:00.000,Austin
2020-12-07T00:00:00.000,"Parsley Energy, Inc.-Colorado St.",Travis,Capital Area WDA,147,2021-02-08T00:00:00.000,2020-12-10T00:00:00.000,Austin
2020-12-15T00:00:00.000,EVO Transportation,Travis,Capital Area WDA,104,2021-01-09T00:00:00.000,2020-12-16T00:00:00.000,Austin
2021-01-27T00:00:00.000,Baylor Scott & White Health-Austin,Travis,Capital Area WDA,62,2021-03-03T00:00:00.000,2021-03-05T00:00:00.000,Austin
2021-01-27T00:00:00.000,Baylor Scott & White Health-Round Rock,Williamson,Rural Capital WDA,83,2021-03-03T00:00:00.000,2021-03-05T00:00:00.000,Round Rock
2021-03-12T00:00:00.000,Hilton-Austin,Travis,Capital Area WDA,64,2021-02-18T00:00:00.000,2021-03-26T00:00:00.000,Austin
2021-03-23T00:00:00.000,"CSG Systems, Inc.",Travis,Capital Area WDA,57,2021-06-30T00:00:00.000,2021-03-29T00:00:00.000,Austin
2021-03-31T00:00:00.000,"Fresenius Health Partners, I c.",Travis,Capital Area WDA,121,2021-05-31T00:00:00.000,2021-04-06T00:00:00.000,Austin
2021-04-16T00:00:00.000,Leidos-VA Austin IT Center,Travis,Capital Area WDA,140,2021-06-06T00:00:00.000,2021-04-13T00:00:00.000,Austin
2021-04-26T00:00:00.000,Art Asset-Austin 1,Travis,Capital Area WDA,5,2021-04-23T00:00:00.000,2021-05-12T00:00:00.000,Austin
2021-04-26T00:00:00.000,Art Asset-Austin Corporate,Williamson,Rural Capital WDA,9,2021-04-23T00:00:00.000,2021-05-12T00:00:00.000,Austin
2021-09-30T00:00:00.000,InterContinental-Stephen F Austin,Travis,Capital Area WDA,35,2020-11-30T00:00:00.000,2021-03-05T00:00:00.000,Austin
2022-07-26T00:00:00.000,F 45 Training Inc.,Travis,Capital Area WDA,78,2022-09-25T00:00:00.000,2022-07-28T00:00:00.000,Austin
2022-08-10T00:00:00.000,Signify Health LLC - Austin,Travis,Capital Area WDA,9,2022-10-01T00:00:00.000,2022-08-10T00:00:00.000,Austin
2022-10-07T00:00:00.000,"Rev.com, Inc",Travis,Capital Area WDA,85,2022-10-21T00:00:00.000,2022-10-07T00:00:00.000,Austin
2022-10-27T00:00:00.000,"Argo AI, LLC. (Austin Congress)",Travis,Capital Area WDA,10,2022-11-01T00:00:00.000,2022-10-27T00:00:00.000,Austin
2022-10-27T00:00:00.000,"Argo AI, LLC. (Austin 7th Street)",Travis,Capital Area WDA,68,2022-11-01T00:00:00.000,2022-10-27T00:00:00.000,Austin
2022-11-16T00:00:00.000,"Meta Platforms, Inc. (West 3rd)",Travis,Capital Area WDA,154,2023-01-13T00:00:00.000,2022-11-16T00:00:00.000,Austin
2022-11-16T00:00:00.000,"Meta Platforms, Inc, (Alterra Pkwy.)",Travis,Capital Area WDA,7,2023-01-13T00:00:00.000,2022-11-16T00:00:00.000,Austin
2022-11-16T00:00:00.000,"Meta Platforms, Inc. (Mcallen Pass)",Travis,Capital Area WDA,11,2023-01-13T00:00:00.000,2022-11-16T00:00:00.000,Austin
2022-11-16T00:00:00.000,"Meta Platforms, Inc.(W,6th)",Travis,Capital Area WDA,50,2023-01-13T00:00:00.000,2022-11-16T00:00:00.000,Austin
2023-01-11T00:00:00.000,Ryder Inc.,Travis,Capital Area WDA,801,2023-03-18T00:00:00.000,2023-01-11T00:00:00.000,Austin
2023-01-12T00:00:00.000,"RateGenius Loan Services, Inc.",Travis,Capital Area WDA,139,2023-01-11T00:00:00.000,2023-01-12T00:00:00.000,Austin
2023-01-27T00:00:00.000,"ABM Texas General Services, Inc",Travis,Capital Area WDA,255,2023-01-16T00:00:00.000,2023-01-27T00:00:00.000,Austin
2023-02-07T00:00:00.000,"Skorpios Technologies, Inc.",Travis,Capital Area WDA,60,2023-04-01T00:00:00.000,2023-02-07T00:00:00.000,Austin
2023-02-21T00:00:00.000,"Wix.com, Inc.",Travis,Capital Area WDA,100,2023-04-16T00:00:00.000,2023-02-21T00:00:00.000,Austin
2023-02-28T00:00:00.000,Interceramic Austin Showroom,Travis,Capital Area WDA,17,2023-08-31T00:00:00.000,2023-02-28T00:00:00.000,Austin
2023-03-08T00:00:00.000,"Security Specialists, Inc (Austin)",Travis,Capital Area WDA,240,2023-04-28T00:00:00.000,2023-03-08T00:00:00.000,Austin
2023-03-14T00:00:00.000,Trellis Company,Williamson,Rural Capital WDA,105,2023-04-04T00:00:00.000,2023-03-14T00:00:00.000,Round Rock
2023-03-15T00:00:00.000,Ibase Operations Corporation,Williamson,Rural Capital WDA,81,2023-05-31T00:00:00.000,2023-03-15T00:00:00.000,Austin
2023-04-04T00:00:00.000,"Molecular Templates, Inc. (MTEM)",Williamson,Rural Capital WDA,84,2023-05-29T00:00:00.000,2023-04-04T00:00:00.000,Austin
2023-05-16T00:00:00.000,Accenture LLP (Austin),Travis,Capital Area WDA,549,2023-06-27T00:00:00.000,2023-05-16T00:00:00.000,Austin
2023-05-18T00:00:00.000,Wipro,Travis,Capital Area WDA,64,2023-06-30T00:00:00.000,2023-05-18T00:00:00.000,Austin
2023-05-25T00:00:00.000,Scribe Media LLC,Travis,Capital Area WDA,90,2023-05-24T00:00:00.000,2023-05-25T00:00:00.000,Austin
2023-06-15T00:00:00.000,Accenture Austin),Williamson,Rural Capital WDA,218,2023-08-14T00:00:00.000,2023-06-15T00:00:00.000,Austin
2023-06-15T00:00:00.000,"Neilsen and Bainbridge, LLC",Williamson,Rural Capital WDA,116,2023-05-23T00:00:00.000,2023-06-15T00:00:00.000,Austin
2023-06-23T00:00:00.000,Cognizant Technology Solutions,Travis,Capital Area WDA,56,2023-08-20T00:00:00.000,2023-06-23T00:00:00.000,Austin
2023-07-17T00:00:00.000,"David's Bridal, LLC (North Austin)",Travis,Capital Area WDA,43,2023-07-17T00:00:00.000,2023-07-17T00:00:00.000,Austin
2023-07-17T00:00:00.000,"David's Bridal, LLC (Austin South)",Travis,Capital Area WDA,26,2023-07-17T00:00:00.000,2023-07-17T00:00:00.000,Austin
2023-08-04T00:00:00.000,"PSW Real Estate, LLC",Travis,Capital Area WDA,87,2023-07-31T00:00:00.000,2023-08-04T00:00:00.000,Austin
2023-08-08T00:00:00.000,"Babylon, Inc",Travis,Capital Area WDA,94,2023-08-07T00:00:00.000,2023-08-08T00:00:00.000,Austin
2023-08-08T00:00:00.000,TATA Consultancy Services,Williamson,Rural Capital WDA,85,2023-10-02T00:00:00.000,2023-08-08T00:00:00.000,Austin
2023-08-17T00:00:00.000,"Wayforth, LLC (Cedar Park)",Williamson,Rural Capital WDA,10,2023-08-18T00:00:00.000,2023-08-17T00:00:00.000,Cedar Park
2023-10-10T00:00:00.000,Accenture LLP (Austin),Travis,Capital Area WDA,351,2023-12-08T00:00:00.000,2023-10-10T00:00:00.000,Austin
2023-10-12T00:00:00.000,LegalZoom.com,Williamson,Rural Capital WDA,122,2023-12-15T00:00:00.000,2023-10-12T00:00:00.000,Austin
2023-10-25T00:00:00.000,MV-Transportation Austin (North Yard),Travis,Capital Area WDA,400,2023-12-31T00:00:00.000,2023-10-25T00:00:00.000,Austin
2023-10-25T00:00:00.000,MV- Transportation Austin (South Yard),Travis,Capital Area WDA,778,2023-12-31T00:00:00.000,2023-10-25T00:00:00.000,Austin
2023-10-26T00:00:00.000,Cygnus Home Services LLC. (Round Rock),Williamson,Rural Capital WDA,11,2023-10-26T00:00:00.000,2023-10-26T00:00:00.000,Round Rock
2023-11-10T00:00:00.000,Hyliion Inc,Williamson,Rural Capital WDA,150,2023-11-08T00:00:00.000,2023-11-10T00:00:00.000,Cedar Park
2023-11-27T00:00:00.000,Cognizant Technology Solutions (Riata),Travis,Capital Area WDA,65,2023-12-08T00:00:00.000,2023-11-27T00:00:00.000,Austin
2023-12-01T00:00:00.000,Vmware Inc. River Place),Travis,Capital Area WDA,577,2024-01-26T00:00:00.000,2023-12-01T00:00:00.000,Austin
2024-01-04T00:00:00.000,Randalls #2490,Travis,Capital Area WDA,76,2024-02-10T00:00:00.000,2024-01-04T00:00:00.000,Austin
2024-01-12T00:00:00.000,Unity Technologies-Austin,Travis,Capital Area WDA,92,2024-01-09T00:00:00.000,2024-01-12T00:00:00.000,Austin
2024-01-18T00:00:00.000,Versum Materials US LLC,Travis,Capital Area WDA,51,2024-02-02T00:00:00.000,2024-01-18T00:00:00.000,Austin
2024-02-22T00:00:00.000,"Kasasa, LTD",Travis,Capital Area WDA,59,2024-02-21T00:00:00.000,2024-02-22T00:00:00.000,Austin
2024-02-27T00:00:00.000,Expedia Group Inc. (Austin),Travis,Capital Area WDA,64,2024-05-01T00:00:00.000,2024-02-27T00:00:00.000,Austin
2024-03-11T00:00:00.000,"Rooster Teeth Production, LLC",Travis,Rural Capital WDA,133,2024-05-11T00:00:00.000,2024-03-11T00:00:00.000,Austin
2024-03-14T00:00:00.000,Signify North America Corporation - Genlyte Thomas LLC,Hays,Rural Capital WDA,109,2024-05-16T00:00:00.000,2024-03-14T00:00:00.000,San Marcos
2024-03-26T00:00:00.000,Kroger Fulfillment Network LLC-Austin,Travis,Capital Area WDA,52,2024-05-25T00:00:00.000,2024-03-26T00:00:00.000,Austin
2024-03-28T00:00:00.000,Davies UC LLC,Travis,Capital Area WDA,3,2024-05-26T00:00:00.000,2024-03-28T00:00:00.000,Austin
2024-04-04T00:00:00.000,"Rooster Teeth Productions, LLC II",Travis,Capital Area WDA,6,2024-06-08T00:00:00.000,2024-04-04T00:00:00.000,Austin
2024-04-23T00:00:00.000,Tesla,Travis,Capital Area WDA,2688,2024-04-19T00:00:00.000,2024-04-23T00:00:00.000,Austin
2024-04-23T00:00:00.000,Expedia Group Inc. (Austin),Travis,Capital Area WDA,84,2024-06-21T00:00:00.000,2024-04-23T00:00:00.000,Austin
2024-05-02T00:00:00.000,TATA Consultancy Services Limited 2024(Austin),Williamson,Rural Capital WDA,21,2024-04-15T00:00:00.000,2024-05-02T00:00:00.000,Austin
2024-05-07T00:00:00.000,"Arkane Studios, LLC.",Travis,Capital Area WDA,96,2024-07-06T00:00:00.000,2024-05-07T00:00:00.000,Austin
2024-05-14T00:00:00.000,"Rarefied Atmosphere, Inc",Travis,Capital Area WDA,106,2024-07-12T00:00:00.000,2024-05-14T00:00:00.000,Austin
2024-06-14T00:00:00.000,Charter Communications (Austin),Travis,Capital Area WDA,230,2024-08-15T00:00:00.000,2024-06-14T00:00:00.000,Austin
2024-07-23T00:00:00.000,Pitney Bowes Inc.(Austin),Travis,Capital Area WDA,12,2024-09-17T00:00:00.000,2024-07-23T00:00:00.000,Austin
2024-07-29T00:00:00.000,SunPower Corporation (Waterford),Travis,Capital Area WDA,6,2024-09-24T00:00:00.000,2024-07-29T00:00:00.000,Austin
2024-08-08T00:00:00.000,Seton Medical Center Hays,Hays,Rural Capital WDA,16,2024-10-01T00:00:00.000,2024-08-08T00:00:00.000,Kyle
2024-08-08T00:00:00.000,Seton Medical Center,Travis,Capital Area WDA,15,2024-10-01T00:00:00.000,2024-08-08T00:00:00.000,Austin
2024-08-08T00:00:00.000,Seton Northwest Hospital,Travis,Capital Area WDA,16,2024-10-01T00:00:00.000,2024-08-08T00:00:00.000,Austin
2024-08-08T00:00:00.000,Seton Southwest Medical Center,Travis,Capital Area WDA,15,2024-10-01T00:00:00.000,2024-08-08T00:00:00.000,Austin
2024-08-08T00:00:00.000,Seton Medical Center Williams,Williamson,Rural Capital WDA,15,2024-10-01T00:00:00.000,2024-08-08T00:00:00.000,Round Rock
2024-08-12T00:00:00.000,"Arbor E & T, LLC Equus Workforce Solutions San Marcos Office",Hays,Rural Capital WDA,17,2024-09-30T00:00:00.000,2024-08-12T00:00:00.000,San Marcos
2024-08-12T00:00:00.000,"Arbor E&T, LLC Equus Workforce Solutions Round Rock",Williamson,Rural Capital WDA,26,2024-09-30T00:00:00.000,2024-08-12T00:00:00.000,Round Rock
2024-08-12T00:00:00.000,"Arbor E & T, LLC Equus Workforce Solutions Bartlett Satellite Office",Williamson,Rural Capital WDA,1,2024-09-30T00:00:00.000,2024-08-12T00:00:00.000,Bartlett
2024-08-12T00:00:00.000,"Arbor E & T, LLC Equus Workforce Solutions Taylor Satellite Office",Williamson,Rural Capital WDA,1,2024-09-30T00:00:00.000,2024-08-12T00:00:00.000,Taylor
2024-08-27T00:00:00.000,Callaway Golf Interactive Inc,Travis,Capital Area WDA,28,2024-10-28T00:00:00.000,2024-08-27T00:00:00.000,Austin
2024-08-28T00:00:00.000,Signify North America Corporation-Genlyte Thomas LLC (Updated),Hays,Rural Capital WDA,109,2024-08-02T00:00:00.000,2024-08-28T00:00:00.000,San Marcos
2024-09-04T00:00:00.000,"Basler Plastics, LLC",Hays,Rural Capital WDA,41,2024-12-31T00:00:00.000,2024-09-04T00:00:00.000,San Marcos
2024-09-19T00:00:00.000,Expedia Group Inc. (Austin),Travis,Capital Area WDA,57,2024-11-18T00:00:00.000,2024-09-19T00:00:00.000,Austin
2024-10-16T00:00:00.000,Intel Corporation,Travis,Capital Area WDA,251,2024-11-15T00:00:00.000,2024-10-16T00:00:00.000,Austin
2024-12-04T00:00:00.000,TTEC Government Solutions,Travis,Capital Area WDA,650,2025-02-07T00:00:00.000,2024-12-04T00:00:00.000,Austin
2025-01-07T00:00:00.000,"ICON Technology, Inc.",Travis,Capital Area WDA,114,2025-03-08T00:00:00.000,2025-01-07T00:00:00.000,Austin
2025-01-30T00:00:00.000,One TouchPoint,Travis,Capital Area WDA,43,2025-01-31T00:00:00.000,2025-01-30T00:00:00.000,Austin
2025-04-02T00:00:00.000,Southeast Service Corporation Services for Education (Georgetown ISD),Williamson,None,60,2025-05-31T00:00:00.000,2025-04-02T00:00:00.000,Georgetown
2025-04-16T00:00:00.000,Virtex Enterprises LP,Travis,Capital Area WDA,84,2025-06-14T00:00:00.000,2025-04-16T00:00:00.000,Austin
2025-05-07T00:00:00.000,TRIGO (Tesla),Travis,Capital Area WDA,50,2025-04-28T00:00:00.000,2025-05-07T00:00:00.000,Austin
2025-05-08T00:00:00.000,Museum of Ice Cream,Travis,Capital Area WDA,38,2025-07-10T00:00:00.000,2025-05-08T00:00:00.000,Austin
2025-06-04T00:00:00.000,XiFin,Travis,Capital Area WDA,87,2025-05-29T00:00:00.000,2025-06-04T00:00:00.000,Austin
2025-06-18T00:00:00.000,"Khoros, LLC.",Travis,Capital Area WDA,116,2025-08-19T00:00:00.000,2025-06-18T00:00:00.000,Austin
2025-06-24T00:00:00.000,Management & Training Corporation (Kyle Correctional Center),Hays,Rural Capital WDA,98,2025-08-31T00:00:00.000,2025-06-24T00:00:00.000,Kyle
2025-07-09T00:00:00.000,Intel Corporation,Travis,Capital Area WDA,110,2025-07-15T00:00:00.000,2025-07-09T00:00:00.000,Austin
2025-07-09T00:00:00.000,Management & Training Corporation (Travis County State Jail),Travis,Capital Area WDA,4,2025-08-31T00:00:00.000,2025-07-09T00:00:00.000,Austin
2025-08-06T00:00:00.000,"Southwest Key Programs, Inc. (SWK National Headquarters)",Travis,Capital Area WDA,45,2025-10-06T00:00:00.000,2025-08-06T00:00:00.000,Austin
2025-08-18T00:00:00.000,"Promises Behavioral Health, LLC",Hays,Rural Capital WDA,58,2025-10-17T00:00:00.000,2025-08-18T00:00:00.000,Wimberley
2025-08-27T00:00:00.000,MPW Services,Travis,Capital Area WDA,82,2025-09-01T00:00:00.000,2025-08-27T00:00:00.000,Austin
2025-09-30T00:00:00.000,Urban Alchemy (Arch Shelter),Travis,Capital Area WDA,55,2025-09-30T00:00:00.000,2025-09-30T00:00:00.000,Austin
2025-09-30T00:00:00.000,Urban Alchemy (8th Street Shelter),Travis,Capital Area WDA,54,2025-09-30T00:00:00.000,2025-09-30T00:00:00.000,Austin
2025-10-02T00:00:00.000,Southwest Key Programs-National Headquarters (Austin),Travis,Capital Area WDA,3,2025-11-05T00:00:00.000,2025-10-02T00:00:00.000,Austin
2025-10-09T00:00:00.000,Creative Testing Solutions,Travis,Capital Area WDA,91,2025-12-12T00:00:00.000,2025-10-09T00:00:00.000,Austin
2025-10-29T00:00:00.000,"Cherokee Nation System Solutions, L.L.C.",Travis,Capital Area WDA,87,2025-12-19T00:00:00.000,2025-10-29T00:00:00.000,Austin
2025-11-06T00:00:00.000,AI Fleet,Travis,Capital Area WDA,56,2025-11-04T00:00:00.000,2025-11-06T00:00:00.000,Austin
2025-11-17T00:00:00.000,"Couchbase, Inc.",Travis,Capital Area WDA,11,2026-01-12T00:00:00.000,2025-11-17T00:00:00.000,Austin
2026-01-21T00:00:00.000,Future Proof Brands LLC (Austin),Travis,Capital Area WDA,158,2026-02-21T00:00:00.000,2026-01-21T00:00:00.000,Austin
2026-02-03T00:00:00.000,Expedia Group Inc. (Austin),Travis,Capital Area WDA,100,2026-04-01T00:00:00.000,2026-02-03T00:00:00.000,Austin
2026-03-26T00:00:00.000,Tempus Holding INC. d/b/a The Lodge Card Club,Travis,Rural Capital WDA,144,2026-03-24T00:00:00.000,2026-03-31T00:00:00.000,Round Rock
2026-03-31T00:00:00.000,"Compass Group USA, Inc. (d/b/a Chartwell's Higher Education (Texas State University)",Hays,Rural Capital WDA,183,2026-05-31T00:00:00.000,2026-03-31T00:00:00.000,San Marcos
2026-03-31T00:00:00.000,Hyatt Regency (South Congress Hotel),Travis,Capital Area WDA,126,2026-05-31T00:00:00.000,2026-03-31T00:00:00.000,Austin
2026-04-14T00:00:00.000,"T-Mobile USA, Inc.",Travis,Capital Area WDA,74,2026-06-08T00:00:00.000,2026-04-14T00:00:00.000,Austin
2026-04-23T00:00:00.000,"Republic National Distributing Company, LLC (Reyes Holdings, L.L.C) Austin",Travis,Capital Area WDA,164,2026-06-21T00:00:00.000,2026-04-23T00:00:00.000,Austin
