A1	86akht0wq
A2	86akht0y6
A3	86akht10z
A4	86akht12m
A5	86akht14m
A6	86akht17t
A7	86akht19g
A8	86akht1hf
A9	86akht1m9
A10	86akht1pt
A11	86akht1t0
A12	86akht1ud
A13	86akht1wu
A14	86akht1zh
A15	86akht26a
A16	86akht27e
A17	86akht299
A18	86akht2bv
A19	86akht2ev
A20	86akht2gt
A21	86akht2k9
B1	86akht31q
B2	86akht34y
B3	86akht376
B4	86akht39y
B5	86akht3bw
B6	86akht3e4
B7	86akht3fx
comment	86ajgmmfq	90130320552640
comment	86akh5uw3	90130320552711
comment	86akh67xe	90130320552748
comment	86akh7qq7	90130320552783
comment	86akhb2wj	90130320552817
comment	86akhcz6v	90130320552847
comment	86akhpvhj	90130320552905
comment	86akh5uc7	90130320553059
comment	86akh673u	90130320553132
comment	86akh6739	90130320553158
comment	86akhb2jg	90130320553191
comment	86akhb2kb	90130320553232
comment	86akh5u9x	90130320553324
comment	86akh3t00	90130320553467
comment	86akhb2kk	90130320553507
comment	86akh676t	90130320553644
comment	86akh3trj	90130320553685
comment	86akh6779	90130320553713
comment	86akhcz2y	90130320553743
comment	86akhcz4g	90130320553777
comment	86akhb2q3	90130320553840
comment	86akh2qzy	90130320553886
comment	86akh5u77	90130320553912
comment	86akh3t3y	90130320553944
comment	86akh3tjb	90130320553977
