group,item,spec,example_part,vendor,unit_price_usd,qty,ext_price_usd_est,confidence,notes
cold,Glycol chiller w/ integral tank,"2/3 HP, 3000 BTU/h (879 W) RATED AT 28 F, 7 gal open 304 tank, flat 2-pc lid, 457x457x787 mm, 110-120 V/3.9 A","Penguin Chillers 2/3 HP Stainless XL","penguinchillers.com (mfr shop); also brewershardware.com / deltabrewingsystems.com",1999.99,1,2000,high,"VERIFIED vs mfr spec-sheet PDF + 3 resellers. Lab-bath use endorsed verbatim in this model's spec sheet. Warranty 1 yr (ext $229.99/2yr $339.99/3yr). VERIFY interior tank dims + lid drawing by phone before ordering (unpublished; est ~340 mm sq x >=160 deep)"
cold,Propylene glycol USP,"99.9% USP concentrate, mix to 35 wt% w/ distilled water, ~26.5 L bath","Sanco / SMPLY 1 gal jugs","Amazon (major listings B081D9F2KW / B07YVFDSJ6)",~30,3 gal,~90,medium,"~9-10 L concentrate for the XL tank"
cold,Bath circulator,"12 V brushless canned-rotor submersible, 8 L/min, 3 m head, glycol-ok","bayite BYT-7A015 (alt: Topsflo TL-B10 via mfr)","Amazon B01G305PK0",~40,1,~40,high,"XL ships without pumps; jets across coils for bath uniformity (verify h_o via outlet logs, pkg 14.6)"
coil,316L seamless tube,"3/16 in OD x 0.035 wall (ID 2.98 mm), ASTM A213 annealed","Online Metals PID 14823 (or Vita Needle custom coil)","onlinemetals.com / vitaneedle.com (mfr)",~10/ft,40 ft,~400,medium,"Size/alloy verified as real catalog item. A213 furnished annealed - confirm on cert. Developed ~2.48 m/coil: cut 2 x 2.6 m + spare stock (Enigma = 2 brew modules)"
coil,Compression male adapters,"3/16 tube x 1/4 MNPT, 316","Swagelok SS-300-1-4 (SS-300-1-4BT bored-through)","Swagelok authorized sales centers",~15,4,~60,high,"Verified catalog parts"
coil,Compression unions,"3/16 tube, 316","Swagelok SS-300-6","Swagelok authorized sales centers",~16,3,~48,high,"Dip-tube extensions + spares"
coil,Union tees,"3/16 tube, 316","Swagelok SS-300-3","Swagelok authorized sales centers",~25,2,~50,high,"RTD stations at coil outlets"
coil,RTD glands,"1/8 tube x 1/8 MNPT bored-through, 316","Swagelok SS-200-1-2BT","Swagelok authorized sales centers",~15,3,~45,high,"2 outlet stations + 1 cassette bath gland"
fab,Coil cassette lid material,"25 mm HDPE plate (food-safe) or 316 plate, ~450x250 mm + gasket","stock plate, CNC by fabricator","McMaster-Carr / Online Metals",~80,1,~80,high,"Machined to Penguin lid drawing (VERIFY #3); replaces rear lid section; front section stays stock"
fab,Station frame materials,"40x40x3 SS tube ~12 m + 304 sheet bench top + hatch cover + leveling feet","stock, welded by fabricator (DWG D8)","Online Metals / McMaster-Carr / local steel",~400,1 lot,~400,medium,"Bench 1000 mm, hatch >=420x420 over chiller tank; see Fabrication Handoff.md"
fab,Winding mandrel,"O72-75 mm stub (3 in Sch 40 pipe) ~300 mm","drop from metals vendor","Online Metals / McMaster-Carr",~20,1,~20,high,"Annealed 316 at 8.4x OD bend radius winds without filler"
fab,Passivation,"citric acid per ASTM A967 after winding","citric powder + tank","chemical supply / Amazon",~30,1,~30,high,"Degrease then passivate; rinse to neutral"
inlet,Silicone tubing,"platinum-cured food grade, 3/16 ID x 5/16 OD","Ultra Clear 10 ft","Amazon B082RJB7GP (alt: US Plastic Corp)",~15,2x10 ft,~30,high,"Drop lines + jumpers; 3/16 ID push-fits over 3/16 OD stubs"
inlet,Funnel stock,"316 round bar / sheet for 2 CNC dual-spout catch funnels (~30 mL, rear-exit neck, twin slot openings)","stock, CNC by fabricator","McMaster-Carr / Online Metals",~60,1 lot,~60,high,"Machined to measured spout geometry (VERIFY #2); replaces generic-funnel approach"
inlet,Barb adapters,"316, 3/16 hose ID x 1/8 NPT","McMaster 316 barbed fittings","mcmaster.com",~8,6,~48,medium,"PN pinned in a McMaster session at order time"
inlet,Funnel diverter valves,"mini 3-way L-port ball valve, 316 or PTFE-plug stopcock, 1/4 in, detented - BATCH/WASTE default WASTE","McMaster 3-way 316 mini ball valve (or Cole-Parmer PTFE stopcock)","mcmaster.com / coleparmer.com",~45,2,~90,medium,"One per funnel neck (pkg 2.6/8): flushes+drips to tray by default; ~1-2 mL passage, cleaned in CIP by flicking both positions"
airpot,Airpots,"Fetco D041 3.0 L lever airpot (H 457 mm), officially Freepour-supported","Fetco D041","webstaurantstore.com $122.99 / prima-coffee.com $154.99 / fetco.com",~123,3,~370,high,"PRIMARY vessel (US-stocked). Marco BRU 2.2 L NOT US-stocked - order via SSM with the Freepour if wanted. Neck ID unpublished: measure before machining bungs (VERIFY #4)"
airpot,Multi-port bungs,"machined food-grade silicone or PTFE-faced acetal; 2x 3/16 dip tubes + 1/4 gas barb; Fetco neck","custom (fabricator CNC)","local machining + McMaster stock",~80,2,~160,low,"Machine from a MEASURED Fetco neck; SSM's reversible stopper proves a stepped dual-neck bung is feasible"
cip,CIP pump,"peristaltic/dosing, ~500 mL/min, food-grade tube head","Kamoer dosing pump (KCS/NKCP class)","kamoer.com (mfr shop) / Amazon",~60,1,~60,medium,"500 mL/min = Re~3500 (>= study min 424/Re 3000). Waste connects at the bung jumper; coils run sequentially. Spare tube element"
cip,Tri-clamp CIP adapters,"1.5 in TC x 1/4 FNPT, SS304 + clamps + platinum silicone gaskets","Glacier Tanks 22MP-G025-150","glaciertanks.com (mfr shop)",~16,2,~45,medium,"Verified product page; clamps/gaskets ~$3-6 ea"
gas,N2 cylinder,"40 cu ft steel, CGA580, DOT, beverage-grade fill","Gas Cylinder Source 40 cu ft + local welding/beverage-gas fill","gascylindersource.com / local welding supply",~140,1,~140,medium,"~2 scf per 40-min session -> 2-4 weeks per fill at daily batching; secure upright to frame"
gas,N2 regulator,"CGA580 nitrogen beer-gas regulator, 0-60 psi delivery, set 10 psi header","Taprite N2 primary regulator (or Kegco 762N)","kegco.com / morebeer.com / kegconnection.com",~65,1,~65,high,"Beverage-industry standard part, major kegging retailers"
gas,Gas train: legs A/B/C,"4-port manifold + per-leg: mini ball valve, needle valve, rotameter (0.1-1.5 LPM), check valve, QD; 1/4 & 1/8 beverage tubing","Dwyer RMA-series rotameters x3 + brass/SS valves + beverage QDs","dwyer-inst.com / McMaster-Carr / kegging retailers",~40/leg,3 legs + manifold,~150,medium,"Leg A ~1.0 LPM total to 2 funnel-lid galleries (0.5 mm orifices balance); leg B 0.5-1 LPM bung sweep (vent open rule); leg C ~0.1 LPM coil purge"
gas,Purge stoppers,"tapered food-grade silicone stopper w/ 1/4 in barb, seats in funnel mouth","lab stopper stock, drilled, or fabricator-cast","McMaster-Carr / Amazon",~8,2,~16,high,"Self-seals at ~0.3 psi purge pressure; one per funnel or share one"
instrument,PT100 probes,"Class A, 3-wire, 1/8 in x 3 in sheath, PFA leads","Evolution Sensors 1/8x3 Class A; Omega PR-23 series","evosensors.com / omega.com (mfr shops)",~70,3,~210,high,"2 coil outlets + 1 bath (cassette gland)"
instrument,Logger,"4-ch PT100, 0.015 C, USB","Pico PT-104 (PP682)","saelig.com $809 / tequipment.net / picotech.com",809,1,809,high,"Budget alt: Inkbird IBS-TH2 Plus ~$30 (inkbird.com/Amazon, bath trend only)"
machine,(reference - capital not in chiller BOM),"Eversys Enigma E4s Classic / eBarista trim, 2 modules","Enigma E4s","Eversys North America dealer network (Visions Espresso et al.)",35160,1,not summed,high,"Dealer list 2025-26; bench-trial first (pkg section 13 step 0)"
,,,,,,TOTAL (PT-104 route),~5515,,"Sum of ext prices; excludes fabrication labor; machine + Freepour are separate capital (reference rows only)"
,,,,,,TOTAL (budget logger),~4430,,"minus PT-104/PT100s/tees/glands (-$1,114) plus Inkbird (+$30)"
