applicationid,applicationstatus,trade_name,owner,address,city,zip,submission_date,license_type
569155.0,Pending – In Review,Core Real Estate Development LLC,Core Real Estate Development LLC,1582 CR 314,Jarrell,76537,2025-12-30T00:00:00.000,BQ
583068.0,Pending – In Review,Crepe Crazy,"CREPE CRAZY, LLC",3103 S Lamar Blvd,Austin,787045803,2026-06-26T00:00:00.000,BG
583924.0,Pending – In Review,Millie's ,513 Beverage LLC,513 W 6th St,Austin,78701,2026-05-21T00:00:00.000,MB
589491.0,Pending – In Review,Starbeam Liquor,Liquor Group LLC,7778 FM 973 Suite 200,Austin,78719,2026-09-16T00:00:00.000,P
599272.0,Received,MIKEY V'S TACOS ON THE SQUARE,MIKEY V'S FOODS LLC,112 W 8TH ST,Georgetown,786265804,2026-09-25T00:00:00.000,FB
610785.0,Pending – In Review,POP,THE POWDER ROOM LLC,620 W 6TH ST UNIT 1,Austin,787012706,2026-04-29T00:00:00.000,MB
619908.0,Pending – In Review,Fresa's Chicken,"Fresa's Cuatro, LLC",1418 E 51st St,Austin,78723,2026-09-22T00:00:00.000,MB
620092.0,Pending – In Review,Emery Austin Restaurant,Chop House Dessert LLC,4800 Burnet Rd,Austin,78756,2026-06-04T00:00:00.000,MB
621884.0,Pending – In Review,MOD Pizza,New Vibes Holdings LLC,9600 S Interstate 35,Austin,78748,2026-07-20T00:00:00.000,BG
635253.0,Pending – In Review,Crepe Crazy,"CREPE CRAZY, LLC",3103 S Lamar Blvd,Austin,787045803,2026-07-10T00:00:00.000,FB
637842.0,Pending – In Review,MOD Pizza,New Vibes Holdings LLC,9600 S Interstate 35,Austin,78748,2026-07-20T00:00:00.000,FB
638749.0,Pending – In Review,Chista,Chista ATX LLC,44 East Ave,Austin,787014384,2026-09-08T00:00:00.000,MB
639585.0,Pending – In Review,Hao Hao Arbor Trails,FRESH TOFU LLC,4301 W William Cannon Dr,Austin,78749,2026-09-15T00:00:00.000,MB
639607.0,Pending – In Review,Hao Hao Arbor Trails,FRESH TOFU LLC,4301 W William Cannon Dr,Austin,78749,2026-09-18T00:00:00.000,FB
640041.0,Pending – In Review,Yummy Mommy Thai Cuisine,GOLDEN FEAST LLC,4707 Burnet Rd,Austin,787562826,2026-08-18T00:00:00.000,BG
641558.0,Pending – In Review,Yummy Mommy Thai Cuisine,GOLDEN FEAST LLC,4707 Burnet Rd,Austin,787562826,2026-08-18T00:00:00.000,FB
641822.0,Pending – In Review,Austin Aquarium LLC,"Austin Aquarium, LLC","13530 N Highway 183, Austin, TX, USA",Austin,78750,2026-08-25T00:00:00.000,MB
642463.0,Pending – In Review,Quality Licensing Corp #3085,QUALITY LICENSING CORP.,860 FB Schwertner Rd,Jarrell,76537,2026-09-24T00:00:00.000,Q
642608.0,Pending – In Review,Quality Licensing Corp #3085-Fuel Station,QUALITY LICENSING CORP.,150 County Road 313,Jarrell,765372361,2026-09-24T00:00:00.000,Q
643145.0,Pending – In Review,BIG Franks Tacos Cantina,BIG Franks Tacos + Cantina LLC,1567 Main St,Buda,786103458,2026-08-20T00:00:00.000,MB
643358.0,Pending – In Review,Disco Whip,"Amazeballs, LLC",2901 Medical Arts St,Austin,787053332,2026-08-25T00:00:00.000,MB
643390.0,Pending – In Review,Nishi sushi,Little Nishi LLC,2000 Southern Oaks Dr,Austin,787452728,2026-08-26T00:00:00.000,BG
643398.0,Pending – In Review,Casa Do Brasil Round Rock,"Casa Do Brasil (Round Rock), LLC",4000 E Palm Valley Blvd,Round Rock,78665,2026-09-03T00:00:00.000,MB
643452.0,Pending – In Review,Nishi sushi,Little Nishi LLC,2000 Southern Oaks Dr,Austin,787452728,2026-08-31T00:00:00.000,FB
644220.0,Pending – In Review,Casa Vindemia ,Casa Vindemia Limited Liability Company,151 Oldham St. Bldg 300,Wimberley,78676,2026-09-21T00:00:00.000,BG
645049.0,Pending – In Review,,Saint Helen Catholic Church ,2700 E University Ave,Georgetown,786267300,2026-09-20T00:00:00.000,NT
645051.0,Pending – In Review,The Padel Collective,The Padel Collective Corporation,1610 Dungan Ln,Austin,787544064,2026-08-19T00:00:00.000,BG
645142.0,Pending – In Review,CHACHACHA SPORT BAR,PREMIER TEXAS HOSPITALITY LLC,2313 S Interstate 35,Austin,78741,2026-09-02T00:00:00.000,MB
646124.0,Pending – In Review,Casa Do Brasil Round Rock,"Casa Do Brasil (Round Rock), LLC",4000 E Palm Valley Blvd,Round Rock,78665,2026-09-03T00:00:00.000,FB
646197.0,Pending – In Review,Yangtze Wok Hei,JNEE LLC,9001 Brodie Ln,Austin,78748,2026-08-28T00:00:00.000,BG
646468.0,Pending – In Review,EL MANANERO DRIVE-THRU,"LOS CRUDOS, LLC",970 Mathias Ln,Kyle,78640,2026-09-02T00:00:00.000,BG
646505.0,Pending – In Review,CHACHACHA SPORT BAR,PREMIER TEXAS HOSPITALITY LLC,2313 S Interstate 35,Austin,78741,2026-09-02T00:00:00.000,LH
646905.0,Pending – In Review,Hwy 79,Platinum 88 Business LLC,11533 US Hwy 79,Taylor,76574,2026-09-09T00:00:00.000,Q
647050.0,Pending – In Review,Lohmans Ford Rd Stop,Master and Son's LLC,5712 Lohman Ford Rd,Lago Vista,78645,2026-09-10T00:00:00.000,Q
647550.0,Pending – In Review,Fresa's Chicken,"Fresa's Cuatro, LLC",1418 E 51st St,Austin,78723,2026-09-22T00:00:00.000,FB
648055.0,Received,Knebel Post 83 The American Legion,"Knebel Post #83, The American Legion, Department of Texas",4401 E St Elmo Rd,Austin,78744,2026-08-31T00:00:00.000,BG
648594.0,Pending – In Review,,St Joseph Catholic Church,10104 Hill Lane,Manor,78653,2026-09-12T00:00:00.000,NT
649194.0,Pending – In Review,BIG Franks Tacos Cantina,BIG Franks Tacos + Cantina LLC,1567 Main St,Buda,786103458,2026-09-14T00:00:00.000,LH
649202.0,Pending – In Review,BIG Franks Tacos Cantina,BIG Franks Tacos + Cantina LLC,1567 Main St,Buda,786103458,2026-09-14T00:00:00.000,FB
650696.0,Pending – In Review,Starry Eyes Bar,Starry Eyes Bar LLC,1910 E Cesar Chavez St,Austin,787024502,2026-09-09T00:00:00.000,MB
651076.0,Pending – In Review,WEBBERVILLE GROCERY,SALMAN BUSINESS INC.,19111 FM 969,Webberville,78653,2026-09-11T00:00:00.000,Q
651182.0,Pending – In Review,Tumble 22,"Tumble 22 Arboretum, LLC",9761 Great Hills Trl,Austin,787597258,2026-09-09T00:00:00.000,MB
651621.0,Pending – In Review,Tumble 22,"Tumble 22 Arboretum, LLC",9761 Great Hills Trl,Austin,787597258,2026-09-09T00:00:00.000,FB
653315.0,Pending – In Review,,Zilker Botanical Garden Conservancy,2220 Barton Springs Rd,Austin,787465737,2026-09-08T00:00:00.000,NT
653513.0,Pending – In Review,COSMIC COFFEE + BEER GARDEN,121 PICKLE PARTNERS LLC,121 PICKLE RD STE D,Austin,787047176,2026-09-15T00:00:00.000,MB
653852.0,Pending – In Review,Himalayan Flavor,Himalayan Flavor LLC ,1615 Grand Ave Pkwy Suite 208,Pflugerville,786602059,2026-09-22T00:00:00.000,MB
653859.0,Pending – In Review,Himalayan Flavor,Himalayan Flavor LLC ,1615 Grand Ave Pkwy Suite 208,Pflugerville,786602059,2026-09-22T00:00:00.000,FB
654112.0,Pending – In Review,MOD Pizza,New Vibes Holdings LLC,701 S Capital of Texas Hwy,Austin,78746,2026-09-09T00:00:00.000,BG
654203.0,Pending – In Review,MOD Pizza,New Vibes Holdings LLC,701 S Capital of Texas Hwy,Austin,78746,2026-09-09T00:00:00.000,FB
654634.0,Pending – In Review,Kindred Social,DMc Horizons LLC,7710 N FM 620 Bldg 7 Ste 750,Austin,78726,2026-09-10T00:00:00.000,MB
654685.0,Pending – In Review,,The Museum of Human Achievement,3600 Lyons Rd,Austin,787024050,2026-09-22T00:00:00.000,NT
654710.0,Pending – In Review,Neighbor's Cafe,ALM Restaurant Group LLC,4900 Bee Creek Road Suite 205,Spicewood,78669,2026-09-10T00:00:00.000,MB
654722.0,Pending – In Review,Neighbor's Cafe,ALM Restaurant Group LLC,4900 Bee Creek Road Suite 205,Spicewood,78669,2026-09-10T00:00:00.000,FB
654767.0,Pending – In Review,Kindred Social,DMc Horizons LLC,7710 N FM 620 Bldg 7 Ste 750,Austin,78726,2026-09-10T00:00:00.000,FB
654846.0,Pending – In Review,Cafe Fleurs de Nuit,"Cafe Musee, LLC","200 East Martin Luther King, Jr. Blvd. Room BMS 1.114",Austin,78702,2026-09-10T00:00:00.000,MB
654859.0,Pending – In Review,Johnson Brothers Maverick of Texas,Johnson Brothers of Texas Inc.,2900 Oak Springs Dr,Austin,78702,2026-09-15T00:00:00.000,BB
654892.0,Pending – In Review,,Cedar Park Chamber of Commerce,1435 Main St,Cedar Park,786137890,2026-09-21T00:00:00.000,NT
654906.0,Pending – In Review,Cafe Fleurs de Nuit,"Cafe Musee, LLC","200 East Martin Luther King, Jr. Blvd. Room BMS 1.114",Austin,78702,2026-09-10T00:00:00.000,FB
655118.0,Pending – In Review,7-Eleven Convenience Store #36556A,DRS Stores LLC,2901 Brushy Creek Rd,Cedar Park,78613,2026-09-17T00:00:00.000,Q
655253.0,Pending – In Review,SNACK SHACK,SNACK SHACK GEORGETOWN LLC,3711 E University Ave Unit 100,Georgetown,78626,2026-09-21T00:00:00.000,Q
655760.0,Pending – In Review,,Rotary Club of Pflugerville,315 City Park Rd,Pflugerville,786602730,2026-09-18T00:00:00.000,NT
655801.0,Pending – In Review,,Rotary Club of Pflugerville,315 City Park Rd,Pflugerville,78660,2026-09-18T00:00:00.000,NT
656284.0,Pending – In Review,,German Texan Heritage Society,507 East 10th Street,Austin,78701,2026-09-15T00:00:00.000,NT
656535.0,Pending – In Review,Johnson Brothers Maverick of Texas,Johnson Brothers of Texas Inc.,2900 Oak Springs Dr,Austin,78702,2026-09-15T00:00:00.000,W
659042.0,Pending – In Review,,"Girl Scouts of Central Texas, Inc",5330 Bluffstone Ln,Austin,78759,2026-09-22T00:00:00.000,NT
659071.0,Received,34 Wine and Spirits,SCRIAA LLC,3208 S Congress Ave,Austin,78704,2026-09-25T00:00:00.000,P
659074.0,Received,34 Wine and Spirits,SCRIAA LLC,3208 S Congress Ave,Austin,78704,2026-09-25T00:00:00.000,LP
659342.0,Received,Embassy Suites Austin,CY Houston Management Company LLC,300 S Congress Ave,Austin,78704,2026-09-25T00:00:00.000,BQ
659373.0,Received,Embassy Suites Austin,CY Houston Management Company LLC,300 S Congress Ave,Austin,78704,2026-09-25T00:00:00.000,MB
659491.0,Pending – In Review,The Toasted Yolk Cafe,El Heuvo Huevon LLC,150 Heroes Memorial Dr,Kyle,78640,2026-09-24T00:00:00.000,MB
659545.0,Pending – In Review,,Pflugerville Parks Foundation ,515 City Park Rd,Pflugerville,78660,2026-09-23T00:00:00.000,NT
659790.0,Pending – In Review,The Toasted Yolk Cafe,El Heuvo Huevon LLC,150 Heroes Memorial Dr,Kyle,78640,2026-09-24T00:00:00.000,FB
659832.0,Pending – In Review,Glou Glou Eastside Terrace,"Dinkden Club I, LLC",640 Allen Street,Austin,78702,2026-09-24T00:00:00.000,BG
659870.0,Pending – In Review,Glou Glou Eastside Terrace,"Dinkden Club I, LLC",640 Allen Street,Austin,78702,2026-09-24T00:00:00.000,FB
660204.0,Pending – In Review,,St. Anthony Marie de Claret Catholic Church ,801 Burleson St,Kyle,78640,2026-09-25T00:00:00.000,NT
660222.0,Pending – In Review,,TEAM JAPAN ASSOCIATION,422 Guadalupe St,Austin,78701,2026-09-25T00:00:00.000,NT
