B1	17tn048qc2b	86ajgmjba	link ok
B2	17tn048qc2c	86ajgmjey	link ok
B3	17tn048qc2e	86ajgmjk1	link ok
B4	17tn048qc2g	86ajgmjpw	link ok
B5	17tn048qc2h	86ajgmjz6	link ok
B6	17tn048qc2j	86ajgmk27	link ok
C	86akh5uw8	1400400000019281
C	86akh67xk	1400400000019282
C	86akh7r2f	1400400000019283
C	86akh7r4x	1400400000019284
C	86akh9tb2	1400400000019285
C	86akhb2wz	1400400000019286
C	86akhcz6y	1400400000019287
C	86akhpvjm	1400400000019288
C	86akht31q	1400400000019289
C	86akh7r8z	1400400000019290
C	86akh9tbd	1400400000019293
C	86akh5uby	1400400000019295
C	86akh5ucu	1400400000019296
C	86akhb2jg	1400400000019297
C	86akh7r2t	1400400000019298
C	86akhb2jv	1400400000019299
C	86akhb2jr	1400400000019300
C	86akh3t3y	1400400000019301
C	86akh3tjb	1400400000019302
C	86akh5u6e	1400400000019303
C	86akh3t27	1400400000019305
C	86akhcz26	1400400000019306
C	86akh9tar	1400400000019307
C	86akhcz3c	1400400000019308
C	86akhcz3g	1400400000019309
C	86akhcz6d	1400400000019310
C	86akhpudu	1400400000019311
C	86akh5ufu	1400400000019312
C	86akh7rkt	1400400000019313
C	86akh7t6j	1400400000019314
C	86akhcz2y	1400400000019315
C	86akhcz4d	1400400000019316
C	86akh6779	1400400000019320
C	86akh5uk4	1400400000019321
C	86akhpu06	1400400000019323
C	86akh5uev	1400400000019324
C	86akht1m9	1400400000019325
C	86akh5umr	1400400000019326
C	86akh6755	1400400000019327
C	86akh6775	1400400000019328
C	86akhcz4n	1400400000019329
C	86akh9tdk	1400400000019330
C	86akhb2kk	1400400000019331
