task_id	status
86ajgmmkd	already-present
86ajgnhd1	already-present
86ajgnj4e	already-present
86akh3vrq	already-present
86akh3wjw	already-present
86akh3wxv	already-present
86akh5uwq	already-present
86akh5ux8	already-present
86akh67yb	posted-confirmed
86akh7qxy	posted-confirmed
86akh7r95	posted-confirmed
86akh9t9m	posted-confirmed
86akh9ta1	posted-confirmed
86akh9ta6	posted-confirmed
86akh9ta9	posted-confirmed
86akh9tb5	posted-confirmed
86akhb2vy	posted-confirmed
86akhcz76	posted-confirmed
86akhpvnf	posted-confirmed
86akht376	posted-confirmed
17tn048qc2c	posted-confirmed
17tn048qcjg	posted-confirmed
86akh9tbw	posted-confirmed
86akh9tbz	posted-confirmed
86akh9tb0	posted-confirmed
86akh7qry	posted-confirmed
86akh3t9p	posted-confirmed
86akh5uby	posted-confirmed
86akhb2jg	posted-confirmed
86akhcz22	posted-confirmed
86akh5u8m	posted-confirmed
86akh5u77	posted-confirmed
86akh9tbd	posted-confirmed
86akh677f	posted-confirmed
86akh7t02	posted-confirmed
86akh7t37	posted-confirmed
86akht1m9	posted-confirmed
86akh5ueg	posted-confirmed
86akh5u6e	posted-confirmed
86akh3rx4	posted-confirmed
86akh3tjb	posted-confirmed
86akhcz6k	posted-confirmed
86akhpuz8	posted-confirmed
86akhptub	posted-confirmed
86akh6738	posted-confirmed
86akhptqa	posted-confirmed
86akh7rw7	posted-confirmed
86akhcz5y	posted-confirmed
86akhcz3n	posted-confirmed
86akhb2kk	posted-confirmed
86akhb2q3	posted-confirmed
17tn048qc2f	posted-confirmed
17tn048qc2v	posted-confirmed
17tn048qckp	posted-confirmed
17tn048qckm	posted-confirmed
86akh7qwd	posted-confirmed
