A1	17tn048qc2a	Founder decision: Ratify the communication architecture: every speech act's destination is a record, the inventory of speech acts, and the recognition reconciliation
A2	17tn048qc2d	Founder decision: Ratify the three-channel proof: the change-reach record and the order produced by the schedule
A3	17tn048qc2f	Founder decision: Ratify the house's language list, every surface in every listed language, the interpreter designation, and translation as paid work
A4	17tn048qc2k	Founder decision: Rule the check-in through an interpreter designation where a person and their lead share no language, and the lead seat's languages as a developed competency
A5	17tn048qc2m	Founder decision: Ratify Sŏn's conduct statement on the composition of its team, and the reach read's action
A6	17tn048qc2n	Founder decision: Rule, with canon's owner, whether a synthesized voice on the house's phone is inside Jaeyeonmi's concealment prohibition, and the register of what the phone says
A7	17tn048qc2q	Founder decision: Ratify the placement of the four named bought tools with their refusals and confirm items, and hold one against canon
A8	17tn048qc2r	Founder decision: Fill the incomplete communication and composition decision-rights entries
A9	17tn048qc2t	Document: Write the house's language list and the translation rule as a versioned entry on the team home's definitions page
A10	17tn048qc2u	Process: Run the change-reach read weekly at the leads' review and quarterly at the house review
A11	17tn048qc2v	Process: Run translation: name translators and approvers per language, publish under one version, and translate the founding pages pre-opening
A12	17tn048qc2x	Process: Run the reach read's action on source dominance and stage rate, with the dominance count as a reset parameter
A13	17tn048qc2z	Process: Run the phone-originated message rule: every call to the book, every complaint to the capture, and no relay by voice
A14	17tn048qc30	Process: Run the unblocking practice: the joint half-page, its window, and the refusal of a unilateral case
A15	17tn048qc31	Process: Run the interpreter designation at the brief, and mark every roster language on the brief's record
A16	17tn048qc33	Process: Confirm the four named tools item by item against their refusal lists before the first training service
A17	17tn048qc34	Instrument: Build the translation record (gated on `86ajgn2z5`)
A18	17tn048qc35	Instrument: Build the interpreter designation's card (gated on `86ajgn2z5`)
A19	17tn048qc3k	Instrument: Build the internal register card (gated on `86ajgn2z5`)
A20	17tn048qc3m	Instrument: Build the change-reach record (gated on `86ajgn2z5`)
A21	17tn048qc3n	Instrument: Build the recognition platform's configuration specification (gated on `86ajgn2z5`)
A22	17tn048qc3q	Instrument: Build the feedback channel's configuration specification (gated on `86ajgn2z5`)
A23	17tn048qc3r	Instrument: Build the phone-originated message rule (gated on `86ajgn2z5`)
A24	17tn048qc3t	Instrument: Build the hold's joint half-page (gated on `86ajgn2z5`)
A25	17tn048qc3v	Instrument: Build the composition statement and the reach read's record (gated on `86ajgn2z5`)
A26	17tn048qc3w	Instrument: Build the live-risk inward statement (gated on `86ajgn2z5`)
A27	17tn048qc3y	Structure: Fix the rule that nothing reaches the house that is not on a record first
A28	17tn048qc3z	Structure: Record the house's language list as a constraint on every mechanism and page on the mechanism map
