A1	17tn048qg1k	Founder decision: Ratify leading the leads in place of manager development, and that "manager" is not a word the house uses for any seat
A2	17tn048qg1m	Founder decision: Ratify the six rules that keep the parallel structure parallel, and the destinations for a lead's range breach, personal standard, one-sided hearing, and the extreme coach's tell
A3	17tn048qg1n	Founder decision: Ratify a lead's window, the flag read with a lead as its subject, a lead's departure as a structure change with the pairing partner as interim holder, and that a held seat is never retired as a retirement
A4	17tn048qg1p	Founder decision: Ratify the separation protocol: three kinds of departure, the decision about staying designed in full, what may never cause or be cited in a departure, the conversation, final pay, dignity, and what managing out may never become
A5	17tn048qg1q	Founder decision: Ratify the reduction rules: a reduction is not a departure until its last step, the schedule's published rule for who loses shifts, the guards against a disguised managing out, and the seasonal shape stated in advance on the charter, the sheet, and the team home; and set the reduction's counts at the first reset
A6	17tn048qg1r	Founder decision: Rule the paid hold after a flag read, with counsel
A7	17tn048qg1t	Founder decision: Ratify the exit interview's owner, consent, form, and reading, the post-departure speech rule inside and outside, and the consented yearly question as the "grow beyond" measure
A8	17tn048qg1u	Founder decision: Ratify how the house meets a person's crisis, a report of harassment or discrimination, and a missing person, and that the code of conduct is canon's non-negotiables, the principles, and the range cards
A9	17tn048qg1v	Founder decision: Engage employment counsel for the house and adopt the counsel questions register with its urgency order
A10	17tn048qg1w	Founder decision: Fill the incomplete leading-the-leads and separation decision-rights entries
A11	17tn048qg1x	Document: Write the departure page for the team home
A12	17tn048qg1y	Document: Write the counsel questions register on the partners' page
A13	17tn048qg1z	Process: Run a lead's check-in, review, career conversation, and range breach count on the team's reading once the holder is ruled
A14	17tn048qg20	Process: Run the decision about staying at the partners' review with the checklist, the card, and counsel present
A15	17tn048qg21	Process: Run the departure conversation and the departure's same-day acts for every kind of departure
A16	17tn048qg22	Process: Run the exit interview and the consented yearly question
A17	17tn048qg23	Process: Run the reduction: the seasonal shape statement, the schedule's published rule, and the retired-seat order
A18	17tn048qg24	Process: Run the departure module for every person before their plan closes and for every lead and founder before the first conversation they hold
A19	17tn048qg25	Instrument: Build the lead's page as the lead's check-in record, and the lead's window block with its close by counts (gated on `86ajgn2z5`)
A20	17tn048qg26	Instrument: Build the partners' departure checklist, the decision record, and the partners' card (gated on `86ajgn2z5`)
A21	17tn048qg27	Instrument: Build the departure conversation card and the departure state and block on the person page (gated on `86ajgn2z5`)
A22	17tn048qg28	Instrument: Build the exit interview form and the consented yearly question's record (gated on `86ajgn2z5`)
A23	17tn048qg29	Instrument: Build the departure page and the departure module (gated on `86ajgn2z5`)
A24	17tn048qg2a	Instrument: Build the "not available" state and the schedule's reduction rule on the scheduling surface (gated on `86ajgn2z5`)
A25	17tn048qg2b	Instrument: Build the counsel questions register, counsel's one-sentence card, and the separation rows on the parameters register (gated on `86ajgn2z5`)
A26	17tn048qg2c	Instrument: Build the paid hold state (gated on `86ajgn2z5`)
A27	17tn048qg2d	Instrument: Build the lead's hand-back block and field 15 for a lead seat (gated on `86ajgn2z5`)
A28	17tn048qg2e	Structure: Fix the rule that a person's staying is decided by no one but the partners, on nothing but the package or the line, with counsel, with staying as the default, and never by a lead, a record the person has not read, or a reduction's convenience
A29	17tn048qg2f	Structure: Fix the vocabulary line: "lead," never "manager," for any seat, and the departure's words on every house surface
A30	17tn048qg2g	Structure: Fix the rule that a reduction's reason is never a person and a held seat is never retired as a retirement
B1	17tn048qg2h	The founders' own performance and departure, a founder as a flag's subject, the founders' absorber, the founders as the leads' check-in holders and as an interim domain holder as founder loads, and the operating agreement's rule beneath every reserved class on the S15 page
B2	17tn048qg2j	Rows 183 to 200, the departure page beside the destinations, feedback, review, performance, and diagnostic pages, fifteen instrument extensions, thirteen findings routed, the vocabulary line, the two structural rules, and the counsel questions register as a standing wiki page in counsel's words only
