event_id,name,category,start_date,end_date,scope,expected_impact,source_title,source_url,notes
txleg_88_regular,Texas Legislature 88th Regular Session,civic,2023-01-10,2023-05-29,downtown,medium,Sine Die: 88th Regular Legislative Session Ends (Texas State Law Library),https://sll.texas.gov/spotlight/2023/05/sine-die-88th-regular-legislative-session-ends,Capitol-area weekday lunch and lobby dinners Downtown for 140 days. Two special sessions followed in 2023 (not listed here).
rodeo_austin_2023,Rodeo Austin 2023,festival,2023-03-10,2023-03-25,east,low,Rodeo Austin Announces 2023 ProRodeo & Concert Lineup (Rodeo Austin),https://rodeoaustin.com/news/rodeo-austin-announces-2023-prorodeo-concert-lineup/,"Travis County Expo Center (northeast); family, on-site food. Overlaps SXSW 2023."
sxsw_2023,SXSW 2023,festival,2023-03-10,2023-03-19,downtown,high,2023 South by Southwest Film & TV Festival (Wikipedia),https://en.wikipedia.org/wiki/2023_South_by_Southwest_Film_%26_TV_Festival,"Nine-day staggered format (conference, film, music). Demand lands Downtown, Rainey, 2nd Street; Convention Center in use."
nascar_cota_2023,NASCAR Cup Series at COTA 2023,sports,2023-03-26,2023-03-26,metro,low,NASCAR Cup Series at Circuit of the Americas (Wikipedia),https://en.wikipedia.org/wiki/NASCAR_Cup_Series_at_Circuit_of_the_Americas,"Cup race day only; support races run the days before. Moved from late March (2023, 2024) to early March (2025, 2026), which shifts demand between February and March YoY."
motogp_cota_2023,MotoGP at COTA 2023,sports,2023-04-15,2023-04-16,metro,medium,2023 Motorcycle Grand Prix of the Americas (Wikipedia),https://en.wikipedia.org/wiki/2023_Motorcycle_Grand_Prix_of_the_Americas,"COTA, southeast Travis County. Sprint Apr 15, race Apr 16."
utfb_2023-09-02_rice,UT Football vs Rice,sports,2023-09-02,2023-09-02,downtown,medium,2023 Texas Longhorns football team (Wikipedia),https://en.wikipedia.org/wiki/2023_Texas_Longhorns_football_team,"Home game at DKR-Texas Memorial Stadium; demand lands campus, Downtown and Red River."
utfb_2023-09-16_wyoming,UT Football vs Wyoming,sports,2023-09-16,2023-09-16,downtown,medium,2023 Texas Longhorns football team (Wikipedia),https://en.wikipedia.org/wiki/2023_Texas_Longhorns_football_team,"Home game at DKR-Texas Memorial Stadium; demand lands campus, Downtown and Red River."
utfb_2023-09-30_kansas,UT Football vs Kansas,sports,2023-09-30,2023-09-30,downtown,medium,2023 Texas Longhorns football team (Wikipedia),https://en.wikipedia.org/wiki/2023_Texas_Longhorns_football_team,"Home game at DKR-Texas Memorial Stadium; demand lands campus, Downtown and Red River. Big 12 game."
acl_2023_w1,ACL Music Festival 2023 Weekend 1,festival,2023-10-06,2023-10-08,south,high,ACL releases full schedule for 2023 music festival (FOX 7 Austin),https://www.fox7austin.com/news/acl-festival-full-schedule-2023-austin-texas,"Zilker Park, Fri to Sun. Demand lands South Lamar, Barton Springs, South Congress and Downtown aftershows; Zilker road closures can suppress nearby walk-in traffic."
acl_2023_w2,ACL Music Festival 2023 Weekend 2,festival,2023-10-13,2023-10-15,south,high,ACL releases full schedule for 2023 music festival (FOX 7 Austin),https://www.fox7austin.com/news/acl-festival-full-schedule-2023-austin-texas,"Zilker Park, Fri to Sun. Demand lands South Lamar, Barton Springs, South Congress and Downtown aftershows; Zilker road closures can suppress nearby walk-in traffic."
f1_usgp_2023,Formula 1 United States Grand Prix 2023,sports,2023-10-20,2023-10-22,downtown,high,2023 United States Grand Prix (Wikipedia),https://en.wikipedia.org/wiki/2023_United_States_Grand_Prix,COTA (southeast Travis County); visitors stay and dine Downtown. Sprint weekend; race Sunday Oct 22.
utfb_2023-10-28_byu,UT Football vs BYU,sports,2023-10-28,2023-10-28,downtown,medium,2023 Texas Longhorns football team (Wikipedia),https://en.wikipedia.org/wiki/2023_Texas_Longhorns_football_team,"Home game at DKR-Texas Memorial Stadium; demand lands campus, Downtown and Red River. Big 12 game."
utfb_2023-11-04_kansas_state,UT Football vs Kansas State,sports,2023-11-04,2023-11-04,downtown,medium,2023 Texas Longhorns football team (Wikipedia),https://en.wikipedia.org/wiki/2023_Texas_Longhorns_football_team,"Home game at DKR-Texas Memorial Stadium; demand lands campus, Downtown and Red River. Big 12 game."
utfb_2023-11-24_texas_tech,UT Football vs Texas Tech,sports,2023-11-24,2023-11-24,downtown,high,2023 Texas Longhorns football team (Wikipedia),https://en.wikipedia.org/wiki/2023_Texas_Longhorns_football_team,"Home game at DKR-Texas Memorial Stadium; demand lands campus, Downtown and Red River. Friday after Thanksgiving; rivalry, final Big 12 home game."
rodeo_austin_2024,Rodeo Austin 2024,festival,2024-03-08,2024-03-22,east,low,Rodeo Austin Announces 2024 ProRodeo & Concert Lineup (Rodeo Austin),https://rodeoaustin.com/news/rodeo-austin-announces-2024-prorodeo-concert-lineup/,Official release: 15-day fair from Mar 8. A secondary search summary cited Mar 9 to 23; official dates used. Overlaps SXSW 2024.
sxsw_2024,SXSW 2024,festival,2024-03-08,2024-03-16,downtown,high,2024 South by Southwest Film & TV Festival (Wikipedia),https://en.wikipedia.org/wiki/2024_South_by_Southwest_Film_%26_TV_Festival,"Nine-day staggered format. Downtown, Rainey, 2nd Street demand."
nascar_cota_2024,NASCAR Cup Series at COTA 2024,sports,2024-03-24,2024-03-24,metro,low,NASCAR Cup Series at Circuit of the Americas (Wikipedia),https://en.wikipedia.org/wiki/NASCAR_Cup_Series_at_Circuit_of_the_Americas,"Cup race day only; support races run the days before. Moved from late March (2023, 2024) to early March (2025, 2026), which shifts demand between February and March YoY."
eclipse_2024,Total solar eclipse (Austin in path of totality),one_off,2024-04-08,2024-04-08,metro,medium,"Solar eclipse of April 8, 2024 (Wikipedia)","https://en.wikipedia.org/wiki/Solar_eclipse_of_April_8,_2024","Austin in path of totality. Austin and Travis County leaders projected over a million visitors (KVUE, Austin restaurants and hotels prep). Monday event."
motogp_cota_2024,MotoGP at COTA 2024,sports,2024-04-14,2024-04-14,metro,medium,2024 Motorcycle Grand Prix of the Americas (Wikipedia),https://en.wikipedia.org/wiki/2024_Motorcycle_Grand_Prix_of_the_Americas,"COTA, southeast Travis County. Race day; weekend practice dates not in source."
utfb_2024-08-31_colorado_state,UT Football vs Colorado State,sports,2024-08-31,2024-08-31,downtown,medium,2024 Texas Longhorns football team (Wikipedia),https://en.wikipedia.org/wiki/2024_Texas_Longhorns_football_team,"Home game at DKR-Texas Memorial Stadium; demand lands campus, Downtown and Red River. Season opener, first SEC-era season."
utfb_2024-09-14_utsa,UT Football vs UTSA,sports,2024-09-14,2024-09-14,downtown,medium,2024 Texas Longhorns football team (Wikipedia),https://en.wikipedia.org/wiki/2024_Texas_Longhorns_football_team,"Home game at DKR-Texas Memorial Stadium; demand lands campus, Downtown and Red River."
utfb_2024-09-21_louisiana_monroe,UT Football vs Louisiana-Monroe,sports,2024-09-21,2024-09-21,downtown,medium,2024 Texas Longhorns football team (Wikipedia),https://en.wikipedia.org/wiki/2024_Texas_Longhorns_football_team,"Home game at DKR-Texas Memorial Stadium; demand lands campus, Downtown and Red River."
utfb_2024-09-28_mississippi_state,UT Football vs Mississippi State,sports,2024-09-28,2024-09-28,downtown,medium,2024 Texas Longhorns football team (Wikipedia),https://en.wikipedia.org/wiki/2024_Texas_Longhorns_football_team,"Home game at DKR-Texas Memorial Stadium; demand lands campus, Downtown and Red River. SEC game."
acl_2024_w1,ACL Music Festival 2024 Weekend 1,festival,2024-10-04,2024-10-06,south,high,Austin City Limits Music Festival (Wikipedia),https://en.wikipedia.org/wiki/Austin_City_Limits_Music_Festival,"Zilker Park, Fri to Sun. Demand lands South Lamar, Barton Springs, South Congress and Downtown aftershows; Zilker road closures can suppress nearby walk-in traffic."
acl_2024_w2,ACL Music Festival 2024 Weekend 2,festival,2024-10-11,2024-10-13,south,high,Austin City Limits Music Festival (Wikipedia),https://en.wikipedia.org/wiki/Austin_City_Limits_Music_Festival,"Zilker Park, Fri to Sun. Demand lands South Lamar, Barton Springs, South Congress and Downtown aftershows; Zilker road closures can suppress nearby walk-in traffic."
f1_usgp_2024,Formula 1 United States Grand Prix 2024,sports,2024-10-18,2024-10-20,downtown,high,2024 United States Grand Prix (Wikipedia),https://en.wikipedia.org/wiki/2024_United_States_Grand_Prix,"Sprint weekend (sprint qualifying Oct 18, sprint Oct 19, race Oct 20). High-spend international visitors, Downtown fine dining."
utfb_2024-10-19_georgia,UT Football vs Georgia,sports,2024-10-19,2024-10-19,downtown,high,2024 Texas Longhorns football team (Wikipedia),https://en.wikipedia.org/wiki/2024_Texas_Longhorns_football_team,"Home game at DKR-Texas Memorial Stadium; demand lands campus, Downtown and Red River. Top-5 SEC matchup, College GameDay."
utfb_2024-11-09_florida,UT Football vs Florida,sports,2024-11-09,2024-11-09,downtown,medium,2024 Texas Longhorns football team (Wikipedia),https://en.wikipedia.org/wiki/2024_Texas_Longhorns_football_team,"Home game at DKR-Texas Memorial Stadium; demand lands campus, Downtown and Red River. SEC game."
utfb_2024-11-23_kentucky,UT Football vs Kentucky,sports,2024-11-23,2024-11-23,downtown,medium,2024 Texas Longhorns football team (Wikipedia),https://en.wikipedia.org/wiki/2024_Texas_Longhorns_football_team,"Home game at DKR-Texas Memorial Stadium; demand lands campus, Downtown and Red River. SEC game."
utfb_2024-12-21_clemson,UT Football vs Clemson (CFP First Round),sports,2024-12-21,2024-12-21,downtown,high,2024 Texas Longhorns football team (Wikipedia),https://en.wikipedia.org/wiki/2024_Texas_Longhorns_football_team,"Home game at DKR-Texas Memorial Stadium; demand lands campus, Downtown and Red River. College Football Playoff home game; one-off postseason date."
txleg_89_regular,Texas Legislature 89th Regular Session,civic,2025-01-14,2025-06-02,downtown,medium,89th Texas Legislature (Wikipedia),https://en.wikipedia.org/wiki/89th_Texas_Legislature,"Sine die June 2 also confirmed by Texas State Law Library. Special sessions: Jul 21 to Aug 15 and Aug 15 to Sep 4, 2025 (same source)."
nascar_cota_2025,NASCAR Cup Series at COTA 2025,sports,2025-03-02,2025-03-02,metro,low,NASCAR Cup Series at Circuit of the Americas (Wikipedia),https://en.wikipedia.org/wiki/NASCAR_Cup_Series_at_Circuit_of_the_Americas,"Cup race day only; support races run the days before. Moved from late March (2023, 2024) to early March (2025, 2026), which shifts demand between February and March YoY."
sxsw_2025,SXSW 2025,festival,2025-03-07,2025-03-15,downtown,high,2025 South by Southwest Film & TV Festival (Wikipedia),https://en.wikipedia.org/wiki/2025_South_by_Southwest_Film_%26_TV_Festival,Nine-day staggered format. Last SXSW held in the Austin Convention Center before its closure (April 2025) for rebuild.
rodeo_austin_2025,Rodeo Austin 2025,festival,2025-03-14,2025-03-28,east,low,Rodeo Austin Announces 2025 ProRodeo & Concert Lineup (Rodeo Austin),https://rodeoaustin.com/news/rodeo-austin-announces-2025-prorodeo-concert-lineup/,Official release: 15-day fair from Mar 14. Some listings cite a Mar 29 finale; official end date used.
motogp_cota_2025,MotoGP at COTA 2025,sports,2025-03-30,2025-03-30,metro,medium,2025 Motorcycle Grand Prix of the Americas (Wikipedia),https://en.wikipedia.org/wiki/2025_Motorcycle_Grand_Prix_of_the_Americas,"COTA, southeast Travis County. Race day; moved from April to late March."
goldcup_2025-06-19,CONCACAF Gold Cup 2025: Saudi Arabia vs United States,sports,2025-06-19,2025-06-19,metro,low,2025 CONCACAF Gold Cup Draw Confirms Matchups to Take Place at Q2 Stadium (Austin FC),https://www.austinfc.com/news/2025-concacaf-gold-cup-draw-confirms-matchups-to-take-place-at-q2-stadium,"Group stage match at Q2 Stadium (north Austin); single evening, limited spillover."
goldcup_2025-06-20,CONCACAF Gold Cup 2025: Guatemala vs Panama,sports,2025-06-20,2025-06-20,metro,low,2025 CONCACAF Gold Cup Draw Confirms Matchups to Take Place at Q2 Stadium (Austin FC),https://www.austinfc.com/news/2025-concacaf-gold-cup-draw-confirms-matchups-to-take-place-at-q2-stadium,"Group stage match at Q2 Stadium (north Austin); single evening, limited spillover."
goldcup_2025-06-24,CONCACAF Gold Cup 2025: Panama vs Jamaica,sports,2025-06-24,2025-06-24,metro,low,2025 CONCACAF Gold Cup Draw Confirms Matchups to Take Place at Q2 Stadium (Austin FC),https://www.austinfc.com/news/2025-concacaf-gold-cup-draw-confirms-matchups-to-take-place-at-q2-stadium,"Group stage match at Q2 Stadium (north Austin); single evening, limited spillover."
mls_allstar_2025,MLS All-Star Game 2025,sports,2025-07-22,2025-07-23,metro,low,2025 MLS All-Star Game (Wikipedia),https://en.wikipedia.org/wiki/2025_MLS_All-Star_Game,"Skills Challenge Jul 22, game Jul 23 at Q2 Stadium (north Austin). Attendance 20,738."
utfb_2025-09-06_san_jose_state,UT Football vs San Jose State,sports,2025-09-06,2025-09-06,downtown,medium,2025 Football Schedule (University of Texas Athletics),https://texaslonghorns.com/sports/football/schedule/text/2025,"Home game at DKR-Texas Memorial Stadium; demand lands campus, Downtown and Red River."
utfb_2025-09-13_utep,UT Football vs UTEP,sports,2025-09-13,2025-09-13,downtown,medium,2025 Football Schedule (University of Texas Athletics),https://texaslonghorns.com/sports/football/schedule/text/2025,"Home game at DKR-Texas Memorial Stadium; demand lands campus, Downtown and Red River."
utfb_2025-09-20_sam_houston,UT Football vs Sam Houston,sports,2025-09-20,2025-09-20,downtown,medium,2025 Football Schedule (University of Texas Athletics),https://texaslonghorns.com/sports/football/schedule/text/2025,"Home game at DKR-Texas Memorial Stadium; demand lands campus, Downtown and Red River."
acl_2025_w1,ACL Music Festival 2025 Weekend 1,festival,2025-10-03,2025-10-05,south,high,Austin City Limits Music Festival (Wikipedia),https://en.wikipedia.org/wiki/Austin_City_Limits_Music_Festival,"Zilker Park, Fri to Sun. Demand lands South Lamar, Barton Springs, South Congress and Downtown aftershows; Zilker road closures can suppress nearby walk-in traffic."
acl_2025_w2,ACL Music Festival 2025 Weekend 2,festival,2025-10-10,2025-10-12,south,high,Austin City Limits Music Festival (Wikipedia),https://en.wikipedia.org/wiki/Austin_City_Limits_Music_Festival,"Zilker Park, Fri to Sun. Demand lands South Lamar, Barton Springs, South Congress and Downtown aftershows; Zilker road closures can suppress nearby walk-in traffic."
f1_usgp_2025,Formula 1 United States Grand Prix 2025,sports,2025-10-17,2025-10-19,downtown,high,Formula 1 Grand Prix returns to COTA in Austin October 17 to 19 (CultureMap Austin),https://austin.culturemap.com/news/entertainment/f1-cota/,Sprint weekend per Wikipedia (2025 United States Grand Prix); race Sunday Oct 19. Falls the weekend after ACL weekend two.
utfb_2025-11-01_vanderbilt,UT Football vs Vanderbilt,sports,2025-11-01,2025-11-01,downtown,medium,2025 Football Schedule (University of Texas Athletics),https://texaslonghorns.com/sports/football/schedule/text/2025,"Home game at DKR-Texas Memorial Stadium; demand lands campus, Downtown and Red River. Ranked SEC opponent."
utfb_2025-11-22_arkansas,UT Football vs Arkansas,sports,2025-11-22,2025-11-22,downtown,medium,2025 Football Schedule (University of Texas Athletics),https://texaslonghorns.com/sports/football/schedule/text/2025,"Home game at DKR-Texas Memorial Stadium; demand lands campus, Downtown and Red River. SEC rivalry."
utfb_2025-11-28_texas_am,UT Football vs Texas A&M,sports,2025-11-28,2025-11-28,downtown,high,2025 Football Schedule (University of Texas Athletics),https://texaslonghorns.com/sports/football/schedule/text/2025,"Home game at DKR-Texas Memorial Stadium; demand lands campus, Downtown and Red River. Friday after Thanksgiving; ranked rivalry opponent."
nascar_cota_2026,NASCAR Cup Series at COTA 2026,sports,2026-03-01,2026-03-01,metro,low,NASCAR Cup Series at Circuit of the Americas (Wikipedia),https://en.wikipedia.org/wiki/NASCAR_Cup_Series_at_Circuit_of_the_Americas,"Cup race day only; support races run the days before. Moved from late March (2023, 2024) to early March (2025, 2026), which shifts demand between February and March YoY."
sxsw_edu_2026,SXSW EDU 2026,conference,2026-03-09,2026-03-12,downtown,low,South by Southwest 2026 Reduces to Seven Days (Austin Chronicle),https://www.austinchronicle.com/daily/sxsw/2025-03-16/south-by-southwest-2026-reduces-to-seven-days/,"Education conference preceding SXSW; overlaps SXSW day one (March 12). Smaller, weekday, business-lunch demand."
sxsw_2026,SXSW 2026,festival,2026-03-12,2026-03-18,downtown,high,South by Southwest 2026 Reduces to Seven Days (Austin Chronicle),https://www.austinchronicle.com/daily/sxsw/2025-03-16/south-by-southwest-2026-reduces-to-seven-days/,"FORMAT CHANGE: seven days (Thu to Wed) instead of nine, second weekend eliminated, conference, film and music run concurrently; Convention Center closed for rebuild so programming is dispersed. YoY March comparisons must adjust for a shorter, midweek-heavy window."
rodeo_austin_2026,Rodeo Austin 2026,festival,2026-03-13,2026-03-28,east,low,"Rodeo Austin 2026 concert lineup, tickets, parking and dates (Austin American-Statesman)",https://www.statesman.com/entertainment/article/rodeo-austin-2026-guide-tickets-lineup-parking-21959157.php,Travis County Expo Center. Overlaps SXSW 2026. Rodeo Austin site says 2027 dates not yet announced.
motogp_cota_2026,MotoGP at COTA 2026,sports,2026-03-28,2026-03-29,metro,medium,2026 United States motorcycle Grand Prix (Wikipedia),https://en.wikipedia.org/wiki/2026_United_States_motorcycle_Grand_Prix,"COTA, southeast Travis County. Renamed Red Bull Grand Prix of the United States; sprint Mar 28, race Mar 29."
utfb_2026-09-05_texas_state,UT Football vs Texas State,sports,2026-09-05,2026-09-05,downtown,medium,2026 Football Schedule (University of Texas Athletics),https://texaslonghorns.com/sports/football/schedule/text/2026,"Home game at DKR-Texas Memorial Stadium; demand lands campus, Downtown and Red River."
utfb_2026-09-12_ohio_state,UT Football vs Ohio State,sports,2026-09-12,2026-09-12,downtown,high,2026 Football Schedule (University of Texas Athletics),https://texaslonghorns.com/sports/football/schedule/text/2026,"Home game at DKR-Texas Memorial Stadium; demand lands campus, Downtown and Red River. No. 1 ranked opponent."
utfb_2026-09-19_utsa,UT Football vs UTSA,sports,2026-09-19,2026-09-19,downtown,medium,2026 Football Schedule (University of Texas Athletics),https://texaslonghorns.com/sports/football/schedule/text/2026,"Home game at DKR-Texas Memorial Stadium; demand lands campus, Downtown and Red River."
acl_2026_w1,ACL Music Festival 2026 Weekend 1,festival,2026-10-02,2026-10-04,south,high,Austin City Limits Music Festival official site,https://www.aclfestival.com/,"Zilker Park, Fri to Sun. Demand lands South Lamar, Barton Springs, South Congress and Downtown aftershows; Zilker road closures can suppress nearby walk-in traffic."
acl_2026_w2,ACL Music Festival 2026 Weekend 2,festival,2026-10-09,2026-10-11,south,high,Austin City Limits Music Festival official site,https://www.aclfestival.com/,"Zilker Park, Fri to Sun. Demand lands South Lamar, Barton Springs, South Congress and Downtown aftershows; Zilker road closures can suppress nearby walk-in traffic."
utfb_2026-10-17_florida,UT Football vs Florida,sports,2026-10-17,2026-10-17,downtown,medium,2026 Football Schedule (University of Texas Athletics),https://texaslonghorns.com/sports/football/schedule/text/2026,"Home game at DKR-Texas Memorial Stadium; demand lands campus, Downtown and Red River. SEC game."
f1_usgp_2026,Formula 1 United States Grand Prix 2026,sports,2026-10-22,2026-10-25,downtown,high,Formula 1 United States Grand Prix (Circuit of The Americas),https://circuitoftheamericas.com/event/f1/,"Four days: new Thursday fan day (Oct 22) added; no sprint, standard three-practice format (formula1.com). Same weekend as Texas vs Ole Miss at DKR (Oct 24), stacking demand."
utfb_2026-10-24_ole_miss,UT Football vs Ole Miss,sports,2026-10-24,2026-10-24,downtown,high,2026 Football Schedule (University of Texas Athletics),https://texaslonghorns.com/sports/football/schedule/text/2026,"Home game at DKR-Texas Memorial Stadium; demand lands campus, Downtown and Red River. Same weekend as F1 United States Grand Prix."
utfb_2026-10-31_mississippi_state,UT Football vs Mississippi State,sports,2026-10-31,2026-10-31,downtown,medium,2026 Football Schedule (University of Texas Athletics),https://texaslonghorns.com/sports/football/schedule/text/2026,"Home game at DKR-Texas Memorial Stadium; demand lands campus, Downtown and Red River. Halloween night game (5 to 7 p.m. window)."
utfb_2026-11-21_arkansas,UT Football vs Arkansas,sports,2026-11-21,2026-11-21,downtown,medium,2026 Football Schedule (University of Texas Athletics),https://texaslonghorns.com/sports/football/schedule/text/2026,"Home game at DKR-Texas Memorial Stadium; demand lands campus, Downtown and Red River. SEC rivalry."
txleg_90_regular,Texas Legislature 90th Regular Session,civic,2027-01-12,2027-05-31,downtown,medium,"Legislative Calendar, 90th Legislative Session (Texas Policy Research)",https://www.texaspolicyresearch.com/legislative-calendar-89th-legislative-session/,Scheduled; confirm against Texas Legislative Council calendar when published.
sxsw_2027,SXSW 2027,festival,2027-03-15,2027-03-21,downtown,high,South By Southwest 2027 Dates Are Here (SXSW),https://sxsw.com/2026/south-by-southwest-2027-dates-announced/,"Official: Innovation Mar 15 to 20, Film & TV and Music Mar 15 to 21, Comedy Mar 17 to 20. Starts Monday and runs through Sunday, a later March week than 2023 to 2026. Convention Center still closed (reopening targeted 2029)."
utfb_2027-08-28_new_mexico_state,UT Football vs New Mexico State,sports,2027-08-28,2027-08-28,downtown,medium,Texas announces revised 2027 non-conference football schedule (FBSchedules),https://fbschedules.com/texas-announces-revised-2027-non-conference-football-schedule/,"Home game at DKR-Texas Memorial Stadium; demand lands campus, Downtown and Red River. Non-conference; SEC 2027 home dates not yet published."
utfb_2027-09-04_michigan,UT Football vs Michigan,sports,2027-09-04,2027-09-04,downtown,high,Texas announces revised 2027 non-conference football schedule (FBSchedules),https://fbschedules.com/texas-announces-revised-2027-non-conference-football-schedule/,"Home game at DKR-Texas Memorial Stadium; demand lands campus, Downtown and Red River. First Michigan visit to Austin; moved from Sep 11."
utfb_2027-09-11_utep,UT Football vs UTEP,sports,2027-09-11,2027-09-11,downtown,medium,Texas announces revised 2027 non-conference football schedule (FBSchedules),https://fbschedules.com/texas-announces-revised-2027-non-conference-football-schedule/,"Home game at DKR-Texas Memorial Stadium; demand lands campus, Downtown and Red River. Non-conference; moved one week earlier."
f1_usgp_2027,Formula 1 United States Grand Prix 2027,sports,2027-10-22,2027-10-24,downtown,high,Formula 1 United States Grand Prix 2027 (F1 Experiences),https://f1experiences.com/2027-united-states-grand-prix,Dates from F1's official hospitality program; confirm against the published F1 2027 calendar.
