rank,name,address,neighborhood,hub_guess,concept_type,score,sources,status,notes,lat,lon,located_by,area_id,hub,subsection,cluster,distance_mi,home_1mi,home_2mi
1,Barley Swine,"6555 Burnet Rd, Ste 400, Austin, TX 78757",Allandale / Burnet Rd,Off-hub: Allandale/Burnet Rd,Fine dining / tasting menu,6.5,MS JBS CMT RHL,live,JBF 2026 semifinalist Outstanding Hospitality; Tastemaker 2026 Restaurant of the Year nominee; new to Resy Hit List Summer 2026,30.342015,-97.73867,street centerline,off_allandale,,,Allandale,8.81,False,False
2,La Barbecue,"2401 E Cesar Chavez St, Austin, TX 78702",East Cesar Chavez,East: Holly/ECC,BBQ,5.5,MS JBS CMT,live,JBF 2026 semifinalist Best Chef: Texas (Ali Clem); Tastemaker 2026 Restaurant of the Year nominee,30.25469,-97.717643,street centerline,east_holly_ecc,East Austin,Holly / East Cesar Chavez,,3.88,False,False
3,Dai Due,"2406 Manor Rd, Ste A, Austin, TX 78722",Manor Rd,East: 12th+,Chef-driven Texan / butcher shop,4.5,MG MB RHL,live,Green Star plus Bib Gourmand 2025; on Resy Hit List page (2026). Hub assumes Manor Rd belongs to 12th+ (open question in BRIEF),30.284625,-97.717062,street centerline,east_manor,East Austin,Manor Road,,5.52,False,False
4,La Santa Barbacha,"2806 Manor Rd, Austin, TX 78722",Manor Rd,East: 12th+,"Mexican (barbacoa, food truck)",4,MB JBS CMT,live,JBF 2026 semifinalist Best Chef: Texas (Daniela and Rosa Landaverde); Tastemaker 2026 Chefs of the Year winners. Manor Rd hub pending,30.285429,-97.711927,street centerline,east_manor,East Austin,Manor Road,,5.73,False,False
5,LeRoy and Lewis Barbecue,"5621 Emerald Forest Dr, Austin, TX 78745",South Austin,Off-hub: South Austin,BBQ,4,MS CMT,live,"Tastemaker 2026 Restaurant of the Year nominee; South Austin, check distance to 207 E St. Elmo Rd for home-zone overlay",30.209628,-97.787812,street centerline,off_south_austin,,,South Austin,1.43,False,True
6,Emmer & Rye,"51 Rainey St, Unit 110, Austin, TX 78701",Rainey Street,Downtown,Fine dining / seasonal American,3.5,MG MB,live,Green Star plus Bib Gourmand 2025,30.257171,-97.739404,street centerline,dt_rainey,Downtown,Rainey Street,,3.2,False,False
7,Nixta Taqueria,"2512 E 12th St, Austin, TX 78702",East 12th,East: 12th+,Mexican (chef-driven taqueria),3.5,MG MB,live,Green Star plus Bib Gourmand 2025,30.274837,-97.713195,street centerline,east_12th,East Austin,East 12th and north,,5.09,False,False
8,Le Calamar,"1600 S 1st St, Ste 100, Austin, TX 78704",Bouldin Creek (S 1st St),South Congress,French-Texan bistro,3,MR BA CMT,live,"Bon Appetit Best New Restaurants 2026; Tastemaker 2026 Best New Restaurant and Chef of the Year (Casey Wall) nominee. Hub borderline: S 1st St sits between the South Congress and South Lamar drafts. A search summary claimed Texas Monthly and JBF finalist honors; not corroborated, not scored",30.24939,-97.755174,street centerline,off_bouldin_creek,,,Bouldin Creek,2.35,False,False
9,Mercado Sin Nombre,"408 N Pleasant Valley Rd, Austin, TX 78702",East Cesar Chavez / Pleasant Valley,East: Holly/ECC,Bakery / cafe (Mexican panaderia),3,MB JBS,live,"New Bib 2025; JBF 2026 semifinalist Outstanding Bakery. Hub borderline: on the Pleasant Valley edge, south of 5th St",30.256081,-97.711354,street centerline,off_govalle_johnston_terrace,,,Govalle/Johnston Terrace,4.22,False,False
10,Craft Omakase,"4400 N Lamar Blvd, Ste 102, Austin, TX 78756",Rosedale / North Lamar,Off-hub: North Lamar,Chef-driven Asian (omakase),3,MS,live,Owners opened casual sibling Craft Nori in 2026,30.312103,-97.738548,street centerline,off_rosedale,,,Rosedale,6.79,False,False
11,Hestia,"607 W 3rd St, Austin, TX 78701",2nd St / Warehouse,Downtown,Fine dining / live-fire tasting menu,3,MS,live,,30.266932,-97.749815,street centerline,dt_2nd_warehouse,Downtown,2nd Street / Warehouse,,3.6,False,False
12,InterStellar BBQ,"12233 Ranch Rd 620 N, Ste 105, Austin, TX 78750",Northwest (RR 620),Off-hub: Northwest (RR 620),BBQ,3,MS,live,,,,,,,,Austin: Northwest,,False,False
13,KG BBQ,"3108 Manor Rd, Austin, TX 78723",Manor Rd,East: 12th+,BBQ (Egyptian-Texan),2.5,MB CMT,live,Tastemaker 2026 Chef of the Year nominee (Kareem El-Ghayesh). Manor Rd hub pending,30.286525,-97.7049,street centerline,off_east_mlk,,,East MLK,6.03,False,False
14,Kalimotxo,"1813 E 6th St, Austin, TX 78702",East 6th,East: 6th/7th,Bar-forward (Spanish wine and tapas bar),2.5,JBS CMT,live,JBF 2026 semifinalist Outstanding Wine and Other Beverages Program; Tastemaker 2026 Chef of the Year nominee (Ben Savage). Emmer & Rye Hospitality,30.261722,-97.722587,street centerline,east_6th_7th,East Austin,East 6th / 7th,,4.03,False,False
15,Lao'd Bar,"9909 FM 969, Bldg 4, Austin, TX 78724",East Travis County (FM 969),Off-hub: East Travis County,Chef-driven Asian (Lao),2.5,JBS CMT,live,JBF 2026 semifinalist Best Chef: Texas (Bob Somsith); Tastemaker 2026 Restaurant of the Year nominee,,,,,,,Austin: Far East,,False,False
16,Odd Duck,"1201 S Lamar Blvd, Austin, TX 78704",South Lamar,South Lamar,Chef-driven seasonal American,2.5,MB CMT,live,Tastemaker 2026 Restaurant of the Year winner,30.254898,-97.762186,street centerline,slamar,South Lamar,,,2.66,False,False
17,Tsuke Edomae,"4600 Mueller Blvd, Ste 1035, Austin, TX 78723",Mueller,Off-hub: Mueller,Chef-driven Asian (Edomae omakase),2.5,JBS CMT,live,JBF 2026 semifinalist Best Chef: Texas (Michael Che); Tastemaker 2026 Restaurant of the Year nominee. Michelin status not verified in this pass,30.298099,-97.707152,street centerline,off_rmma,,,RMMA,6.62,False,False
18,Fish Shop,"1401 E 6th St, Ste 201, Austin, TX 78702",East 6th,East: 6th/7th,Seafood,2,TM CMT,live,Texas Monthly Best New Restaurants 2026 No. 4 (only Austin entry); Tastemaker 2026 Best New Restaurant nominee,30.263702,-97.728461,street centerline,east_6th_7th,East Austin,East 6th / 7th,,3.93,False,False
19,Jeffrey's,"1204 W Lynn St, Austin, TX 78703",Clarksville,Off-hub: Clarksville,Fine dining / classic steak and French,2,MR CMT,live,Tastemaker 2026 Restaurant of the Year nominee,30.280422,-97.759006,street centerline,off_old_west_austin,,,Old West Austin,4.43,False,False
20,Lenoir,"1807 S 1st St, Austin, TX 78704",Bouldin Creek (S 1st St),South Congress,Fine dining / prix fixe,2,MR CMT,live,"Tastemaker 2026 Restaurant of the Year nominee; also in Resy's Dec 2025 year-end list (not the Hit List, not scored). Hub borderline as for Le Calamar",30.247089,-97.756044,street centerline,off_bouldin_creek,,,Bouldin Creek,2.18,False,False
21,Mum Foods Smokehouse & Delicatessen,"5811 Manor Rd, Austin, TX 78723",Windsor Park (Manor Rd),Off-hub: Windsor Park,BBQ / deli,2,MR CMT,live,"Tastemaker 2026 Best Sandwich winner. Address from search summary, confirm on restaurant site",30.306338,-97.680139,street centerline,off_east_mlk,,,East MLK,8.02,False,False
22,Rocco's Neighborhood Joint,"5001 Airport Blvd, Austin, TX 78751",North Loop / Airport Blvd,Off-hub: North Loop,Italian / pasta,2,CMT RHL,live,Tastemaker 2026 Best New Restaurant nominee; on Resy Hit List page (2026),30.311154,-97.715423,street centerline,off_north_loop,,,North Loop,7.18,False,False
23,Siti,"1123 E 11th St, Austin, TX 78702",East 11th (Frances Modern Inn),East: 12th+,Chef-driven Asian (Southeast Asian),2,MR CMT,live,Tastemaker 2026 Best New Restaurant and Chef of the Year (Laila Bazahm) nominee,30.268813,-97.728182,street centerline,east_12th,East Austin,East 12th and north,,4.24,False,False
24,VanHorn's,"238 W 2nd St, Austin, TX 78701",2nd St District,Downtown,Steakhouse,2,CMT RHL,live,Tastemaker 2026 Best New Restaurant nominee; on Resy Hit List page (2026),30.264891,-97.746211,street centerline,dt_2nd_warehouse,Downtown,2nd Street / Warehouse,,3.53,False,False
25,Briscuits,"4204 Menchaca Rd, Austin, TX 78704",South Austin (Menchaca Rd),Off-hub: South Austin,BBQ / biscuits (breakfast),1.5,MB,live,,30.231116,-97.787558,street centerline,off_barton_hills_galindo_south_lamar_zilker,,,Barton Hills / Galindo / South Lamar / Zilker,1.67,False,True
26,Cuantos Tacos,"1108 E 12th St, Austin, TX 78702",East 12th,East: 12th+,Mexican (taqueria),1.5,MB,live,,30.272412,-97.728493,street centerline,east_12th,East Austin,East 12th and north,,4.44,False,False
27,Distant Relatives,"3901 Promontory Point Dr, Austin, TX 78744",Southeast (Promontory Point),Off-hub: Southeast,BBQ (African American foodways),1.5,MB,live,"South Austin, check distance to 207 E St. Elmo Rd for home-zone overlay",30.20917,-97.730258,street centerline,off_southeast,,,Southeast,2.16,False,False
28,Franklin Barbecue,"900 E 11th St, Austin, TX 78702",East 11th,East: 12th+,BBQ,1.5,MB,live,,30.270039,-97.731509,street centerline,east_12th,East Austin,East 12th and north,,4.21,False,False
29,Kemuri Tatsu-ya,"2713 E 2nd St, Austin, TX 78702",Holly,East: Holly/ECC,Chef-driven Asian (izakaya),1.5,MB,live,Sibling dipdipdip Tatsu-ya reportedly closed Aug 2026 (Houston Chronicle); Kemuri not affected per available reports,30.253948,-97.712431,street centerline,east_holly_ecc,East Austin,Holly / East Cesar Chavez,,4.08,False,False
30,Micklethwait Craft Meats,"4602 Tanney St, Austin, TX 78721",East Austin (78721),Off-hub: East MLK,BBQ,1.5,MB,live,Address from search summary; confirm on restaurant site,30.273046,-97.690425,street centerline,off_east_mlk,,,East MLK,5.93,False,False
31,P Thai's Khao Man Gai & Noodles,"4807 Airport Blvd, Austin, TX",Airport Blvd,Off-hub: Airport Blvd,Chef-driven Asian (Thai),1.5,JBS,live,JBF 2026 semifinalist Best Chef: Texas (Thai Changthong). Zip not confirmed,30.307959,-97.715687,street centerline,off_north_loop,,,North Loop,6.98,False,False
32,Parish Barbecue,"3220 Manor Rd, Austin, TX 78723",Manor Rd,East: 12th+,BBQ,1.5,MB,live,New Bib 2025. Manor Rd hub pending,30.286923,-97.702661,street centerline,off_east_mlk,,,East MLK,6.13,False,False
33,Ramen del Barrio,"2007 Kramer Ln, Ste 105, Austin, TX 78758",North Austin (Kramer Ln),Off-hub: North Austin,Chef-driven Asian (ramen / Mexican fusion),1.5,MB,live,RELOCATED: former truck at 1700 W Parmer Ln shows closed; brick-and-mortar opened 2026 at Kramer Ln,30.388709,-97.710326,street centerline,off_north_austin_civic_association,,,North Austin Civic Association,12.34,False,False
34,Veracruz Fonda & Bar,"1905 Aldrich St, Austin, TX 78723",Mueller,Off-hub: Mueller,Mexican,1.5,MB,live,,30.298298,-97.705272,street centerline,off_rmma,,,RMMA,6.69,False,False
35,The Meteor,"2110 S Congress Ave, Austin, TX 78704",South Congress,South Congress,Cafe / bar-forward,1,RHL,added_for_coverage,Only scored entry on the South Congress Ave corridor itself (Lenoir and Le Calamar are on S 1st St). New to Resy Hit List Spring 2026,30.242868,-97.752196,street centerline,soco,South Congress,,,1.98,False,True
,Maie Day,"South Congress Hotel, 1603 S Congress Ave, Austin, TX 78704",South Congress,South Congress,Steakhouse / American,1,MR,closed,"Closed May 2026 with South Congress Hotel renovation and rebrand (Houston Chronicle count of closed Texas Michelin restaurants). Address from prior knowledge, unverified",30.247721,-97.750367,street centerline,soco,South Congress,,,2.33,False,False
,Pasta|Bar Austin,,Downtown,Downtown,Italian / pasta tasting menu,1,MR,closed,Closed Feb 2026 for chefs to develop a new concept (Houston Chronicle). Address not verified,,,,,,,,,False,False
,Olamaie,"1610 San Antonio St, Austin, TX 78701",West Campus / Downtown edge,Downtown,Fine dining (Southern),3,MS,closed_historical,"Closed July 19, 2026 after 12 years (Statesman, KXAN). Historical closure case for backtesting closure detection, not a live peer. Address from prior knowledge, unverified",30.279718,-97.743534,street centerline,dt_core,Downtown,Downtown core,,4.55,False,False
