86akh5uy1	1400400000020470
86akh680c	1400400000020471
86akh7ref	1400400000020472
86akhb2wg	1400400000020473
86akhcz7f	1400400000020474
86akhpvtf	1400400000020475
86akht3bw	1400400000020476
17tn048qc2g	1400400000020477
17tn048qcjx	1400400000020478
17tn048qepa	1400400000020479
17tn048qfp2	1400400000020480
86akhb2jg	1400400000020481
86akh6742	1400400000020482
86akh5u8m	1400400000020483
86akh5u77	1400400000020484
17tn048qfn4	1400400000020485
17tn048qfn9	1400400000020486
17tn048qfnr	1400400000020487
86akhpudu	1400400000020488
86akhpv3p	1400400000020489
86akh5ufu	1400400000020490
86akh675n	1400400000020491
86akhpv5n	1400400000020492
17tn048qeu4	1400400000020493
86akht1m9	1400400000020494
17tn048qfp1	1400400000020495
86akh67a1	1400400000020496
86akh6739	1400400000020497
86akh3rx4	1400400000020498
86akh3tjb	1400400000020499
86akh7r2t	1400400000020500
86ajgnhzk	1400400000020501
