A1	17tn048qr3j	Founder decision: Ratify the split of "personal, not organizational," the refusal of "founder operating discipline," and what this session's output is
A2	17tn048qr3k	Founder decision: Ratify the founder load ledger, its marks and dates, and confirm the three seat assignments it takes as the team's recommendation
A3	17tn048qr3m	Founder decision: Ratify the read on the center: three readers in writing and none above, the seat's load line, what it may never become, and the founders' learning tempo
A4	17tn048qr3n	Founder decision: Confirm, reorder, or rewrite the protection order for Brandon's seat, and state presence by service period and week in prompt C
A5	17tn048qr3p	Founder decision: Dominic states his protection order on the same frame and his presence by period in prompt C
A6	17tn048qr3q	Founder decision: Ratify what the house protects by design and never depends on a founder for, the external load's generic treatment, and a founder on the floor under the two-kinds and live-speech rules
A7	17tn048qr3r	Founder decision: Set, at the first gate review, how each partner's working style changes the partners' review's conduct without its agenda
A8	17tn048qr3t	Founder decision: Ratify the founders' relationships as mechanisms: the partners with each other, the paired partner with a lead, the founders with the team and the customer at the table, outside relationships, and what "ask the founders about values" becomes
A9	17tn048qr3u	Founder decision: Ratify the structural definition of a founder's path, the career document's place, what the founders owe the team's path, and state where each founder's path leads
A10	17tn048qr3v	Founder decision: Ratify the founders' review form, the absorber above the founders, and the house's continuity part of a founder's departure; and read and report the operating agreement's departure, incapacity, deadlock, and removal provisions
A11	17tn048qr3w	Founder decision: Rule the flag path with a founder as its subject, with counsel and canon's owner
A12	17tn048qr3x	Founder decision: Rule the partners' place in the pool, with counsel
A13	17tn048qr3y	Founder decision: Ratify the five module halves as one dated founder load, the founders as the first leads' holders by default in the check-in's form or not at all, and the founders' version of the first-paid-hour rule
A14	17tn048qr3z	Founder decision: Ratify the closing read of Session 1: the six principles, the metronome, the management and leadership position, and the working-with-me spine's additions and issuance timing
A15	17tn048qr40	Founder decision: Name the founder seat for the acoustic consultation the record leaves unnamed, and name a seat, a contract, or a session owner for each of canon's specialist seats so that none stays on Brandon's seat by default
A16	17tn048qr41	Founder decision: Fill the incomplete founder decision-rights entries
A17	17tn048qr42	Document: Write the founder load ledger on the partners' page
A18	17tn048qr43	Document: Write the center's page: what the house holds the founders to and holds for them, for the partners' page and, in its team-facing part, the team home
A19	17tn048qr44	Document: Write the working-with-me spine's additions and the protection order's frame as the instrument's revision text
A20	17tn048qr45	Process: Run the read on the center: the seat's load line at every monthly domain read, the leads' read on the center at the partners' review, and the reset's second read
A21	17tn048qr46	Process: Run the hand-overs by date: the ledger read at every partners' review, the node-overload line on any load past its date, and the founder hand-over block on any departure or long absence
A22	17tn048qr47	Process: Run the founders' presence statements through the stack's placement of the why block, the founder stage, and every interpreter-designated block, and run row 205's two absences before dinner's gate
A23	17tn048qr48	Process: Run the issued working-with-me version before each lead's first check-in with a partner
A24	17tn048qr49	Instrument: Build the founder load ledger and the seat's load line (gated on `86ajgn2z5`)
A25	17tn048qr4a	Instrument: Build the founder's presence-by-period entry, the working-with-me document's revision, and the protection order's frame (gated on `86ajgn2z5`)
A26	17tn048qr4b	Instrument: Build the lead's read-on-the-center line on the lead's page (gated on `86ajgn2z5`)
A27	17tn048qr4c	Instrument: Build the flag path with a founder as subject (gated on `86ajgn2z5`)
A28	17tn048qr4d	Instrument: Build the founder hand-over block, the founding seat's tension-loss row, and the founder departure's structure change entry and continuity read (gated on `86ajgn2z5`)
A29	17tn048qr4e	Instrument: Build the partners' place row on the parameters register and the stack's refusal of a founder's points (gated on `86ajgn2z5`)
A30	17tn048qr4f	Instrument: Build the reset's center reading and the issued version's timing rule (gated on `86ajgn2z5`)
A31	17tn048qr4h	Structure: Fix the rule that the read on the center may never become a rating, a case file, a read of a founder's feelings or outside commitments, a room, or a trigger for the operating agreement
A32	17tn048qr4j	Structure: Add a chief of staff, an assistant to a founder, a founders' office, and a second holder of a domain to the refused carriers of a load finding on a founding seat
A33	17tn048qr4k	Structure: Fix the vocabulary line: "the center," "a load," and "the read on the center," and the rule that no house surface names the nature of any founder's commitments outside the house
B1	17tn048qr4m	Rows 201 to 213, the center's page beside the cadence and destinations pages, the founder load ledger as the assembly's calendar, seven instrument extensions, twelve findings routed, the vocabulary line, the structural rule, and the audit that the assembled wiki records no founder's interiority and names no founder's external load
B2	17tn048qr4n	"The operating system is running" reads the building and not the company: a row or a statement in the assembled test that distinguishes the two, so that a founder at zero bandwidth stopping the reserved classes is visible
