A1	17tn048qcjb	Founder decision: Ratify the coaching model: a hypothesis's sources, its shape, that it has no page, its test at the check-in, and what it may never become
A2	17tn048qcjc	Founder decision: Ratify the two kinds of live speech, the placed check-in beside S4 P15, the placed line, and rule the narrowing of S4 P18
A3	17tn048qcjd	Founder decision: Ratify hard feedback's form and placement and the refusal of the written recap
A4	17tn048qcjf	Founder decision: Ratify the response by type of failure and blame absorption as mechanical
A5	17tn048qcjq	Founder decision: Ratify the feedback culture: every direction's surface and record, the bounds on peer correction, and asking for feedback
A6	17tn048qck1	Founder decision: Ratify feedback's form in the six inherited contexts: the not-yet form, a designation's holder, recruiting's two events, the tension-slack hand-off, a disagreement about a person, and the recognition decline
A7	17tn048qck3	Founder decision: Mark each principle in version one as a feedback reference, a commitment, or an operating rule, and re-mark two of Session 2's candidates
A8	17tn048qck4	Founder decision: Fill the incomplete coaching and feedback decision-rights entries
A9	17tn048qck5	Document: Write the feedback culture page for the team home
A10	17tn048qck6	Process: Run the placed check-in, and read its counts at the leads' review and the reset
A11	17tn048qck9	Process: Run the capture review with failure typing, and the count by type at the leads' review
A12	17tn048qckd	Process: Run the not-yet reading, the re-training trigger, and the calibration read as feedback events in the check-in's form
A13	17tn048qckg	Process: Run the recognition decline in person and the person-subject routing on the half-page
A14	17tn048qckj	Process: Run the coaching module for the founders and the first leads before the first check-in they hold
A15	17tn048qckm	Instrument: Build the check-in's coaching form (gated on `86ajgn2z5`)
A16	17tn048qckp	Instrument: Build the placed check-in trigger on the scheduling surface (gated on `86ajgn2z5`)
A17	17tn048qckq	Instrument: Build the capture's failure-type field on the process update (gated on `86ajgn2z5`)
A18	17tn048qckr	Instrument: Build the coaching module for leads (gated on `86ajgn2z5`)
A19	17tn048qckt	Structure: Fix the rule that the hypothesis has no page and the correction is the check-in's
