confirmed,strength,name,other_names,owner,address,city,zip,terms,sources,n_sources,statuses,activity,latest_date,pending_application,receipts_recent,receipts_window,food_naics,hub,subsection,cluster,area_method,located_by,distance_mi,home_2mi,lat,lon,addr_key
,strong,BBQ Chicken,BBQ CHICKEN,SJDJ LLC,"6929 Airport Blvd Ste 158 Austin, TX 78752-3618",Austin,78752,BBQ CHICKEN,"atx_inspections, mixed_bev, sales_tax_permits, tabc_licenses",4,tabc_licenses: Expired - Original Required | tabc_licenses: Active | sales_tax_permits: active permit | mixed_bev: reported 2020-12 to 2026-08 | atx_inspections: inspected 2024-09-25 to 2026-06-09,operating: receipts through 2026-08,2026-08-31,False,55097.0,2025-08 to 2026-08 (13 months),True,,,Brentwood/Highland,polygon,inspection lat/lon,8.84,False,30.33762,-97.71759,6929 AIRPORT 78752 | BBQ
,strong,K BBQ,,PAESR  ENTERPRISES  INC; PAESR ENTERPRISES INC.,"6929 Airport Blvd Ste 176 # Bunit Austin, TX 78752-3616",Austin,78752,K BBQ,"atx_inspections, mixed_bev, sales_tax_permits, tabc_licenses",4,tabc_licenses: Active | sales_tax_permits: active permit | mixed_bev: reported 2020-12 to 2020-12 | mixed_bev: reported 2021-01 to 2026-08 | atx_inspections: inspected 2024-01-23 to 2026-08-06,operating: receipts through 2026-08,2026-08-31,False,177144.0,2025-08 to 2026-08 (13 months),True,,,Brentwood/Highland,polygon,inspection lat/lon,8.84,False,30.33762,-97.71759,6929 AIRPORT 78752 | K
,strong,Oseyo Restaurant,OSEYO RESTAURANT,OSEYO RESTAURANT LLC,"1628 E Cesar Chavez St Austin, TX 78702-4456",Austin,78702,OSEYO,"atx_inspections, mixed_bev, sales_tax_permits, tabc_licenses",4,tabc_licenses: Active | sales_tax_permits: active permit | mixed_bev: reported 2019-02 to 2019-02 | mixed_bev: reported 2019-03 to 2026-08 | atx_inspections: inspected 2025-04-02 to 2025-08-07,operating: receipts through 2026-08,2026-08-31,False,1184180.0,2025-08 to 2026-08 (13 months),True,East Austin,Holly / East Cesar Chavez,,polygon,inspection lat/lon,3.66,False,30.25832,-97.72758,1628 CESAR 78702 | OSEYO
,strong,PF - Gen Korean BBQ House,GEN KOREAN BBQ HOUSE; Gen Korean BBQ House,GEN PFLUGERVILLE LP; Gen Pflugerville LP,"18900 Limestone Commercial Dr Unit 100 Pflugerville, TX 78660-4524",Austin,78660,GEN KOREAN,"atx_inspections, mixed_bev, sales_tax_permits, tabc_licenses",4,tabc_licenses: Active | sales_tax_permits: active permit | mixed_bev: reported 2024-06 to 2026-08 | atx_inspections: inspected 2025-04-29 to 2026-03-03,operating: receipts through 2026-08,2026-08-31,False,197531.0,2025-08 to 2026-08 (13 months),True,,,Pflugerville / Manor,zip,inspection lat/lon,20.2,False,30.4698,-97.59595,18900 LIMESTONE 78660 | GEN
,strong,BBQ CHICKEN,,SJDJ1 LLC,11301 LAKELINE BLVD STE 110,Austin,78717,BBQ CHICKEN,"mixed_bev, sales_tax_permits, tabc_licenses",3,tabc_licenses: Active | sales_tax_permits: active permit | mixed_bev: reported 2022-06 to 2026-08,operating: receipts through 2026-08,2026-08-31,False,67405.0,2025-08 to 2026-08 (13 months),True,,,Austin: Northwest,zip,street centerline,18.33,False,30.480148,-97.800484,11301 LAKELINE 78717 | BBQ
,strong,Chi'Lantro,CHI'LANTRO,"CHI'LANTRO - SOUTH LAMAR LLC; CHI'LANTRO - SOUTH LAMAR, LLC","1509 S Lamar Blvd Austin, TX 78704-2965",Austin,78704,CHI'LANTRO,"atx_inspections, sales_tax_permits, tabc_licenses",3,tabc_licenses: Expired - Original Required | sales_tax_permits: active permit | atx_inspections: inspected 2023-10-17 to 2026-02-26,operating: inspected 2026-02-26,2026-02-26,False,,,True,South Lamar,,,polygon,inspection lat/lon,2.43,False,30.25178,-97.7641,1509 LAMAR 78704 | CHILANTRO
,strong,Chi'Lantro,CHI'LANTRO; CHILANTRO,"CHI'LANTRO - BURNET LLC; CHI'LANTRO - BURNET, LLC","5222 Burnet Rd Ste 525 Austin, TX 78756-2416",Austin,78756,"CHI'LANTRO, CHILANTRO","atx_inspections, sales_tax_permits, tabc_licenses",3,tabc_licenses: Expired - Original Required | sales_tax_permits: active permit | atx_inspections: inspected 2023-12-19 to 2025-12-17,operating: inspected 2025-12-17,2025-12-17,False,,,True,,,Allandale,polygon,inspection lat/lon,7.59,False,30.3243,-97.74021,5222 BURNET 78756 | CHILANTRO
,strong,GANGNAM KOREAN BBQ,,GANGNAM AUSTIN BBQ LLC,1100 LITTLE TEXAS LN,Austin,78745,"GANGNAM, KOREA","mixed_bev, sales_tax_permits, tabc_licenses",3,tabc_licenses: Active | sales_tax_permits: active permit | mixed_bev: reported 2021-03 to 2021-03 | mixed_bev: reported 2021-04 to 2026-08,operating: receipts through 2026-08,2026-08-31,False,357765.0,2025-08 to 2026-08 (13 months),True,,,East Congress / Sweetbriar / West Congress,polygon,street centerline,1.31,True,30.197547,-97.765585,1100 LITTLE 78745 | GANGNAM
,strong,Gen Korean BBQ House,GEN KOREAN BBQ HOUSE,"GEN AUSTIN SOUTHPARK MEADOWS, LLC; Gen Austin Southpark Meadows, LLC",9500 S Interstate 35,Austin,78748,GEN KOREAN,"mixed_bev, sales_tax_permits, tabc_licenses",3,tabc_licenses: Active | sales_tax_permits: active permit | mixed_bev: reported 2025-10 to 2026-08,operating: receipts through 2026-08,2026-08-31,False,0.0,2025-10 to 2026-08 (11 months),True,,,Austin: Far South,zip,,,False,,,9500 IH 78748 | GEN
,strong,Ghama Zone Korean Food,GHAMA ZONE KOREAN FOOD,"GSHS FAMILY, LLC",118 E Main St,Round Rock,78664,KOREA,"mixed_bev, sales_tax_permits, tabc_licenses",3,tabc_licenses: Expired - Original Required | tabc_licenses: Active | sales_tax_permits: active permit | mixed_bev: reported 2024-08 to 2026-08,operating: receipts through 2026-08,2026-08-31,False,170337.0,2025-08 to 2026-08 (13 months),True,,,Round Rock / Georgetown,city,,,False,,,118 MAIN 78664 | GHAMA
,strong,H Mart,H MART,"H MART AUSTIN LLC; H MART AUSTIN, LLC","11301 Lakeline Blvd Austin, TX 78717-5912",Austin,78717,H MART,"atx_inspections, sales_tax_permits, tabc_licenses",3,tabc_licenses: Active | sales_tax_permits: active permit | atx_inspections: inspected 2025-06-17 to 2025-06-17,"licensed, no receipts or inspection on file",2025-06-17,False,,,True,,,Austin: Northwest,zip,inspection lat/lon,18.27,False,30.47941,-97.79937,11301 LAKELINE 78717 | H
,strong,Hanshin Pocha,HANSHIN POCHA,EA MORE LLC; Ea more LLC,11301 LAKELINE BLVD BLDG 8 Ste 114,Austin,78717,POCHA,"mixed_bev, sales_tax_permits, tabc_licenses",3,tabc_licenses: Active | sales_tax_permits: active permit | mixed_bev: reported 2025-11 to 2026-08,operating: receipts through 2026-08,2026-08-31,False,161045.0,2025-11 to 2026-08 (10 months),True,,,Austin: Northwest,zip,street centerline,18.33,False,30.480148,-97.800484,11301 LAKELINE 78717 | HANSHIN
,strong,K-POT KOREAN BBQ & HOT POT,,KHP SUNSET VALLEY LLC,5200 Brodie Ln,Sunset Valley,78745,KOREA,"mixed_bev, sales_tax_permits, tabc_licenses",3,tabc_licenses: Active | sales_tax_permits: active permit | mixed_bev: reported 2023-03 to 2026-08,operating: receipts through 2026-08,2026-08-31,False,378169.0,2025-08 to 2026-08 (13 months),True,,,Westlake / Lakeway,city,,,False,,,5200 BRODIE 78745 | K
,strong,Korea House Restaurant,KOREA HOUSE RESTAURANT,POK C KIM; POK KIM,"2700 W Anderson Ln Ste 501 Austin, TX 78757-1154",Austin,78757,KOREA,"atx_inspections, sales_tax_permits, tabc_licenses",3,tabc_licenses: Active | sales_tax_permits: active permit | atx_inspections: inspected 2024-09-04 to 2026-06-17,operating: inspected 2026-06-17,2026-06-17,False,,,True,,,North Shoal Creek,polygon,inspection lat/lon,10.02,False,30.35906,-97.7346,2700 ANDERSON 78757 | KOREA
,strong,MANNA KOREAN RESTAURANT,Manna Korean Restaurant,AUSTIN MANNA RESTAURANT LLC; Austin Manna Restaurant LLC; MANNA KOREAN RESTAURANT LP,6808 N LAMAR BOULEVARD SUITE A120,Austin,78752,KOREA,"mixed_bev, sales_tax_permits, tabc_licenses",3,tabc_licenses: Expired - Original Required | tabc_licenses: Expired - Original Required | tabc_licenses: Temporarily Surrendered | tabc_licenses: Active | sales_tax_permits: active permit | mixed_bev: reported 2012-01 to 2017-12,"licensed, no receipts or inspection on file",2026-09-21,False,,,True,,,Brentwood/Highland,polygon,street centerline,8.68,False,30.335951,-97.720016,6808 LAMAR 78752 | MANNA
,strong,Pocha Is Back,POCHA IS BACK; Pocha is Back,"J & H Ryoo LLC; J&H RYOO, LLC; W & J KIM ENTERPRISE, INC.; W & J Kim Enterprise Inc.",6808 N Lamar Blvd Suite B110,Austin,78752,POCHA,"mixed_bev, sales_tax_permits, tabc_licenses",3,tabc_licenses: Expired - Original Required | tabc_licenses: Active | sales_tax_permits: active permit | mixed_bev: reported 2022-09 to 2023-03 | mixed_bev: reported 2023-03 to 2026-08,operating: receipts through 2026-08,2026-08-31,False,126783.0,2025-08 to 2026-08 (13 months),True,,,Brentwood/Highland,polygon,street centerline,8.68,False,30.335951,-97.720016,6808 LAMAR 78752 | POCHA
,strong,"Seoul Korean Restaurant & DK Sushi, LLC",SEOUL KOREAN RESTAURANT & SUSHI BAR LLC; SEOUL RESTAURANT,SEOUL KOREAN RESTAURANT & SUSHI BAR LLC,"6400 S 1st St Ste C Austin, TX 78745-3932",Austin,78745,"KOREA, SEOUL","atx_inspections, sales_tax_permits, tabc_licenses",3,tabc_licenses: Active | sales_tax_permits: active permit | atx_inspections: inspected 2025-02-12 to 2026-08-13,operating: inspected 2026-08-13,2026-08-13,False,,,True,,,South Austin,polygon,inspection lat/lon,1.67,True,30.20031,-97.78613,6400 1ST 78745 | SEOUL
,strong,CHARM BBQ CHICKEN,,"CHARM BBQ CHICKEN LLC; CHARM BBQ CHICKEN, LLC",12233 RANCH ROAD 620 N STE 104,Austin,78750,BBQ CHICKEN,"mixed_bev, tabc_licenses",2,tabc_licenses: Expired - Original Required | mixed_bev: reported 2019-02 to 2023-03,no recent activity (last evidence 2023-03-31),2023-03-31,False,,,,,,Austin: Northwest,zip,,,False,,,12233 RANCH 78750 | CHARM
,strong,CHARM KOREAN BBQ,Charm Korean BBQ,CHARM KOREAN BBQ LIMITED LIABILITY COMPANY; YSYY Investment Inc.,1200 W HOWARD LANE SUITE B,Austin,78753,KOREA,"mixed_bev, tabc_licenses",2,tabc_licenses: Expired - Original Required | tabc_licenses: Active | mixed_bev: reported 2015-11 to 2015-11 | mixed_bev: reported 2015-12 to 2024-02,"licensed, no receipts or inspection on file",2024-02-29,False,,,,,,Austin: North,zip,street centerline,15.41,False,30.424243,-97.670996,1200 HOWARD 78753 | CHARM
,strong,CHODANG TOFU HOUSE KOREAN BBQ,,YSYY INVESTMENT INC,1200 W HOWARD LN STE B,Austin,78753,"KOREA, TOFU HOUSE","mixed_bev, sales_tax_permits",2,sales_tax_permits: active permit | mixed_bev: reported 2024-02 to 2026-08,operating: receipts through 2026-08,2026-08-31,False,112428.0,2025-08 to 2026-08 (13 months),True,,,Austin: North,zip,street centerline,15.41,False,30.424243,-97.670996,1200 HOWARD 78753 | CHODANG
,strong,CHOSUN GALBI,,JKP INVESTMENT CORP.; M.B.SUE CORP.,713 E HUNTLAND,Austin,78752,GALBI,"mixed_bev, tabc_licenses",2,tabc_licenses: Surrendered | mixed_bev: reported 2011-12 to 2011-12 | mixed_bev: reported 2009-02 to 2012-01 | mixed_bev: reported 2012-01 to 2024-01,no recent activity (last evidence 2024-01-31),2024-01-31,False,,,,,,,,,,False,,,713 HUNTLAND 78752 | CHOSUN
,strong,Chi'Lantro,"CHI'LANTRO - DOMAIN, LLC","CHI'LANTRO - DOMAIN, LLC","11005 Burnet Rd Ste 108 Austin, TX 78758-4440",Austin,78758,CHI'LANTRO,"atx_inspections, sales_tax_permits",2,sales_tax_permits: active permit | atx_inspections: inspected 2024-02-05 to 2026-07-15,operating: inspected 2026-07-15,2026-07-15,False,,,True,,,North Burnet/Gateway,polygon,inspection lat/lon,12.58,False,30.39439,-97.72018,11005 BURNET 78758 | CHILANTRO
,strong,Chi'Lantro - Colorado,"CHI'LANTRO - COLORADO, LLC","CHI'LANTRO - COLORADO, LLC","303 Colorado St Ste 100 Austin, TX 78701-4895",Austin,78701,CHI'LANTRO,"atx_inspections, sales_tax_permits",2,sales_tax_permits: active permit | atx_inspections: inspected 2023-12-28 to 2026-02-23,operating: inspected 2026-02-23,2026-02-23,False,,,True,Downtown,2nd Street / Warehouse,,polygon,inspection lat/lon,3.62,False,30.26588,-97.74484,303 COLORADO 78701 | CHILANTRO
,strong,Chi'Lantro - Parmer,CHI'LANTRO - PARMER,"CHI'LANTRO - PARMER, LLC","6301 W Parmer Ln Ste 204 Austin, TX 78729-6803",Austin,78729,CHI'LANTRO,"atx_inspections, sales_tax_permits",2,sales_tax_permits: active permit | atx_inspections: inspected 2024-01-11 to 2026-06-04,operating: inspected 2026-06-04,2026-06-04,False,,,True,,,Austin: North,zip,inspection lat/lon,15.86,False,30.44532,-97.74371,6301 PARMER 78729 | CHILANTRO
,strong,"Chi'Lantro - South Shore, LLC",CHI'LANTRO,"CHI'LANTRO - SOUTH SHORE, LLC","1414 Shore District Dr Austin, TX 78741-2562",Austin,78741,CHI'LANTRO,"atx_inspections, sales_tax_permits",2,sales_tax_permits: active permit | atx_inspections: inspected 2024-09-11 to 2025-09-19,no recent activity (last evidence 2025-09-19),2025-09-19,False,,,True,,,East Riverside/Oltorf,polygon,inspection lat/lon,2.89,False,30.24371,-97.72851,1414 SHORE 78741 | CHILANTRO
,strong,Chi'Lantro Mueller,"CHI'LANTRO - MUELLER, LLC","CHI'LANTRO - MUELLER, LLC","1201 Barbara Jordan Blvd Ste 1460 Austin, TX 78723-3157",Austin,78723,CHI'LANTRO,"atx_inspections, sales_tax_permits",2,sales_tax_permits: active permit | atx_inspections: inspected 2023-12-28 to 2026-03-19,operating: inspected 2026-03-19,2026-03-19,False,,,True,,,RMMA,polygon,inspection lat/lon,7.05,False,30.30636,-97.70917,1201 BARBARA 78723 | CHILANTRO
,strong,Chi'lantro - Brodie,CHI'LANTRO - BRODIE LLC,CHI'LANTRO - BRODIE LLC,"9911 Brodie Ln Austin, TX 78748-5802",Austin,78748,CHI'LANTRO,"atx_inspections, sales_tax_permits",2,sales_tax_permits: active permit | atx_inspections: inspected 2023-11-01 to 2026-06-23,operating: inspected 2026-06-23,2026-06-23,False,,,True,,,Austin: Far South,zip,inspection lat/lon,5.44,False,30.18452,-97.84859,9911 BRODIE 78748 | CHILANTRO
,strong,DWAEJI POCHA,,M. J. TOGETHER INC.,9200 N LAMAR BOULEVARD SUITE 101,Austin,78753,POCHA,"mixed_bev, tabc_licenses",2,tabc_licenses: Surrendered | mixed_bev: reported 2015-10 to 2021-12,no recent activity (last evidence 2021-12-31),2021-12-31,False,,,,,,North Austin Civic Association,polygon,street centerline,10.76,False,30.361123,-97.698092,9200 LAMAR 78753 | DWAEJI
,strong,Donkey Mo's Korean Fried Chicken,DONKEY MO'S KOREAN FRIED CHICKEN,CKN BOYZ LLC,6301 W Parmer Ln,Austin,78729,KOREA,"sales_tax_permits, tabc_licenses",2,tabc_licenses: Active | sales_tax_permits: active permit,"licensed, no receipts or inspection on file",2026-06-01,False,,,True,,,Austin: North,zip,street centerline,15.94,False,30.446506,-97.743946,6301 PARMER 78729 | DONKEY
,strong,H Mart Austin II LLC,"H MART AUSTIN II, LLC","H MART AUSTIN II, LLC; H Mart Austin II, LLC",5222 Burnet Rd Suite 600,Austin,78756,H MART,"sales_tax_permits, tabc_licenses",2,tabc_licenses: Active | sales_tax_permits: active permit,"licensed, no receipts or inspection on file",2025-04-29,False,,,True,,,Allandale,polygon,street centerline,7.62,False,30.324538,-97.739527,5222 BURNET 78756 | H
,strong,HAPPY POCHA INC,"HAPPY POCHA, INC","HAPPY POCHA INC.; HAPPY POCHA, INC",9200 N Lamar Blvd,Austin,78753,POCHA,"mixed_bev, tabc_licenses",2,tabc_licenses: Surrendered | mixed_bev: reported 2021-12 to 2023-09,no recent activity (last evidence 2023-09-30),2023-09-30,False,,,,,,North Austin Civic Association,polygon,street centerline,10.76,False,30.361123,-97.698092,9200 LAMAR 78753 | HAPPY
,strong,JJIM Korean Braised BBQ,JJIM KOREAN BRAISED BBQ,JJIM BBQ LLC,"1100 S Lamar Blvd Austin, TX 78704",Austin,78704,"JJIM, KOREA","atx_inspections, tabc_licenses",2,tabc_licenses: Expired - Original Required | atx_inspections: inspected 2024-01-30 to 2024-01-30,no recent activity (last evidence 2024-01-30),2024-01-30,False,,,,South Lamar,,,polygon,inspection lat/lon,2.71,False,30.25571,-97.76255,1100 LAMAR 78704 | JJIM
,strong,K-POT KOREAN BBQ & HOT POT,K-POP KOREAN BBQ & HOT POT,KHP AUSTIN 13945 LLC; KHP Austin 13945 LLC,13945 N Hwy 183,Austin,78717,KOREA,"sales_tax_permits, tabc_licenses",2,tabc_licenses: Active | sales_tax_permits: active permit,"licensed, no receipts or inspection on file",2026-08-12,False,,,True,,,Austin: Northwest,zip,,,False,,,13945 HWY 78717 | K
,strong,Korean Grill,KOREAN GRILL,SOOKIL JEON,"10901 N Lamar Blvd # Bunit # 204 Austin, TX 78753-3696",Austin,78753,KOREA,"atx_inspections, tabc_licenses",2,tabc_licenses: Surrendered | atx_inspections: inspected 2024-01-24 to 2025-04-01,no recent activity (last evidence 2025-04-01),2025-04-01,False,,,,,,North Lamar,polygon,inspection lat/lon,12.1,False,30.3783,-97.68774,10901 LAMAR 78753 | KOREAN
,strong,Koriente Restaurant,KORIENTE RESTAURANT & TEA HOUSE,KORIENTE CORPORATION,"621 E 7th St Austin, TX 78701-3304",Austin,78701,KORIENTE,"atx_inspections, tabc_licenses",2,tabc_licenses: Expired - Original Required | atx_inspections: inspected 2024-06-20 to 2025-01-22,no recent activity (last evidence 2025-01-22),2025-01-22,False,,,,Downtown,Downtown core,,polygon,inspection lat/lon,3.9,False,30.26701,-97.73598,621 7TH 78701 | KORIENTE
,strong,OOB - Bulgogi Korean BBQ Bowl,BULGOGI KOREAN BBQ BOWL,SMBT LLC,"1700 W Parmer Ln Ste 240 Austin, TX 78727-4606",Austin,78727,"BULGOGI, KOREA","atx_inspections, sales_tax_permits",2,sales_tax_permits: active permit | atx_inspections: inspected 2025-11-13 to 2026-06-03,operating: inspected 2026-06-03,2026-06-03,False,,,True,,,Austin: North,zip,inspection lat/lon,14.31,False,30.41284,-97.68892,1700 PARMER 78727 | BULGOGI
,strong,SEOULJU,,SEOULJU LLC,9515 N LAMAR BOULEVARD SUITE 230,Austin,78753,SEOUL,"mixed_bev, tabc_licenses",2,tabc_licenses: Surrendered | mixed_bev: reported 2019-08 to 2019-08 | mixed_bev: reported 2019-09 to 2024-01,no recent activity (last evidence 2024-01-31),2024-01-31,False,,,,,,North Austin Civic Association,polygon,street centerline,11.05,False,30.364876,-97.696004,9515 LAMAR 78753 | SEOULJU
,strong,Taylor Seoul Food,TAYLOR SEOUL FOOD,NAOMI GMJ LLC; Naomi GMJ,407 W 9th St,Taylor,76574,SEOUL,"mixed_bev, tabc_licenses",2,tabc_licenses: Active | mixed_bev: reported 2023-06 to 2026-08,operating: receipts through 2026-08,2026-08-31,False,14981.0,2025-08 to 2026-08 (13 months),,,,Round Rock / Georgetown,city,,,False,,,407 9TH 76574 | TAYLOR
,strong,An Nyeong Korean Tofu House,,,"5011 Burnet Rd Unit 150 Austin, TX 78756-2653",Austin,78756,"KOREA, TOFU HOUSE",atx_inspections,1,atx_inspections: inspected 2024-08-08 to 2026-02-05,operating: inspected 2026-02-05,2026-02-05,False,,,,,,Brentwood/Highland,polygon,inspection lat/lon,7.42,False,30.32143,-97.73865,5011 BURNET 78756 | AN
,strong,BBQ CHICKEN,,SJDJ LLC,6929 AIRPORT BLVD STE 158,Austin,78652,BBQ CHICKEN,tabc_licenses,1,tabc_licenses: Expired - Original Required,no activity evidence (permit only),2020-07-22,False,,,,,,Brentwood/Highland,polygon,street centerline,8.76,False,30.336605,-97.718301,6929 AIRPORT 78652 | BBQ
,strong,BONCHON KOREAN FRIED CHICKEN,,BNCN ROUNDROCK LLC,2800 IH 35 S STE 120,Round Rock,78681,"BONCHON, KOREA",tabc_licenses,1,tabc_licenses: Expired - Original Required,no activity evidence (permit only),2018-04-09,False,,,,,,Round Rock / Georgetown,city,,,False,,,2800 IH 78681 | BONCHON
,strong,CHI'LANTRO - 620 LLC,,CHI'LANTRO - 620 LLC,12129 RANCH ROAD 620 N STE 202,Austin,78750,CHI'LANTRO,sales_tax_permits,1,sales_tax_permits: active permit,no activity evidence (permit only),2021-10-01,False,,,True,,,Austin: Northwest,zip,,,False,,,12129 RANCH 78750 | CHILANTRO
,strong,"CHI'LANTRO 1, LLC",,"CHI'LANTRO 1, LLC",5555 N LAMAR BLVD STE J105,Austin,78751,CHI'LANTRO,sales_tax_permits,1,sales_tax_permits: active permit,no activity evidence (permit only),2026-07-01,False,,,True,,,North Loop,polygon,street centerline,7.77,False,30.324177,-97.727478,5555 LAMAR 78751 | CHILANTRO
,strong,CHI'LANTRO 12 LLC,,CHI'LANTRO 12 LLC,180 SPRINGTOWN WAY STE 104,San Marcos,78666,CHI'LANTRO,sales_tax_permits,1,sales_tax_permits: active permit,no activity evidence (permit only),2023-06-01,False,,,True,,,Hays County,city,,,False,,,180 SPRINGTOWN 78666 | CHILANTRO
,strong,CHI'LANTRO LLC,CHI'LANTRO,"CHI ' LANTRO - CATERING, LLC; CHI'LANTRO LLC",3110 MANOR RD STE B,Austin,78723,CHI'LANTRO,sales_tax_permits,1,sales_tax_permits: active permit | sales_tax_permits: active permit,no activity evidence (permit only),2016-09-01,False,,,True,,,East MLK,polygon,street centerline,6.03,False,30.286529,-97.704873,3110 MANOR 78723 | CHILANTRO
,strong,CHO DANG TOFU HOUSE,,HAEDAM LLC,11301 LAKELINE BLVD,Austin,78717,TOFU HOUSE,sales_tax_permits,1,sales_tax_permits: active permit,no activity evidence (permit only),2025-03-01,False,,,True,,,Austin: Northwest,zip,street centerline,18.33,False,30.480148,-97.800484,11301 LAKELINE 78717 | CHO
,strong,Chi'Lantro - 620,,,"12129 FM 620 N Austin, TX 78750-1090",Austin,78750,CHI'LANTRO,atx_inspections,1,atx_inspections: inspected 2024-06-10 to 2025-12-08,operating: inspected 2025-12-08,2025-12-08,False,,,,,,Austin: Northwest,zip,inspection lat/lon,17.21,False,30.46152,-97.81794,12129 FM 78750 | CHILANTRO
,strong,Donkey Mo's Korean Fried Chicken,,JJIM BBQ LLC,1100 S Lamar Blvd,Austin,78704,"JJIM, KOREA",tabc_licenses,1,tabc_licenses: Surrendered,no activity evidence (permit only),2024-02-21,False,,,,South Lamar,,,polygon,street centerline,2.69,False,30.255326,-97.761931,1100 LAMAR 78704 | DONKEY
,strong,Donkey Mo's Korean Fried Chicken,,,"5312 Airport Blvd Ste D Austin, TX 78751-2257",Austin,78751,KOREA,atx_inspections,1,atx_inspections: inspected 2024-10-07 to 2026-05-04,operating: inspected 2026-05-04,2026-05-04,False,,,,,,North Loop,polygon,inspection lat/lon,7.42,False,30.31479,-97.7152,5312 AIRPORT 78751 | DONKEY
,strong,GANGNAM ZIP,,DREAM SUSHI INC.,202 WALTON WAY STE 150,Cedar Park,78613,GANGNAM,tabc_licenses,1,tabc_licenses: Expired - Original Required,no activity evidence (permit only),2016-12-19,False,,,,,,Cedar Park / Leander,city,,,False,,,202 WALTON 78613 | GANGNAM
,strong,Gang Nam Korean BBQ,,,"701 E Stassney Ln Ste C Austin, TX 78745-3296",Austin,78745,KOREA,atx_inspections,1,atx_inspections: inspected 2024-06-11 to 2025-10-01,operating: inspected 2025-10-01,2025-10-01,False,,,,,,East Congress / Sweetbriar / West Congress,polygon,inspection lat/lon,1.14,True,30.20033,-97.76889,701 STASSNEY 78745 | GANG
,strong,Honey Pig Korean BBQ,,,"11301 Lakeline Blvd  Austin, TX 78717-5912",Austin,78717,KOREA,atx_inspections,1,atx_inspections: inspected 2025-09-17 to 2025-09-17,no recent activity (last evidence 2025-09-17),2025-09-17,False,,,,,,Austin: Northwest,zip,inspection lat/lon,18.27,False,30.47941,-97.79937,11301 LAKELINE 78717 | HONEY
,strong,Jan Chi Korean Cuisine & BBQ,,JAN CHI INC.,3808 Spicewood Springs Rd,Austin,78759,KOREA,tabc_licenses,1,tabc_licenses: Surrendered,no activity evidence (permit only),2022-09-06,False,,,,,,Austin: Northwest,zip,,,False,,,3808 SPICEWOOD 78759 | JAN
,strong,KBBQNOW,,SOO GWEON,101 IVA JUNE LN,Georgetown,78628,KBBQ,sales_tax_permits,1,sales_tax_permits: active permit,no activity evidence (permit only),2025-08-01,False,,,True,,,Round Rock / Georgetown,city,,,False,,,101 IVA 78628 | KBBQNOW
,strong,KFOOD AUSTIN - CUPBAP,,SEOUL BOBA CAFI INC,11200 LAKELINE MALL DR STE VC7,Cedar Park,78613,SEOUL,sales_tax_permits,1,sales_tax_permits: active permit,no activity evidence (permit only),2025-03-24,False,,,True,,,Cedar Park / Leander,city,,,False,,,11200 LAKELINE 78613 | KFOOD
,strong,KOREA GARDEN,,SANG S CHONG,6519 N LAMAR BLVD,Austin,78752,KOREA,mixed_bev,1,mixed_bev: reported 2008-07 to 2011-02,no recent activity (last evidence 2011-02-28),2011-02-28,False,,,,,,Brentwood/Highland,polygon,street centerline,8.5,False,30.333637,-97.721486,6519 LAMAR 78752 | KOREA
,strong,KOREANET INC,,KWANG KIM,314 E HIGHLAND MALL BLVD STE 210,Austin,78752,KOREA,mixed_bev,1,mixed_bev: reported 2013-07 to 2013-07,no recent activity (last evidence 2013-07-31),2013-07-31,False,,,,,,Brentwood/Highland,polygon,street centerline,8.38,False,30.328486,-97.711314,314 HIGHLAND 78752 | KOREANET
,strong,LEROY AND LEWIS - KOREAN TEXAS BBQ,,"LEROY AND LEWIS - TEXAS BBQ, LLC.",513 BLACKBERRY DR,Austin,78745,KOREA,sales_tax_permits,1,sales_tax_permits: active permit,no activity evidence (permit only),2018-09-15,False,,,True,,,Austin: Far South,zip,street centerline,2.47,False,30.187148,-97.788871,513 BLACKBERRY 78745 | LEROY
,strong,Osio Korean Japanese,,Osio Inc,2901 S Capital of Texas Hwy H20,Austin,78746,KOREA,tabc_licenses,1,tabc_licenses: Expired - Original Required,no activity evidence (permit only),2022-10-06,False,,,,,,Westlake / Lakeway,zip,,,False,,,2901 CAPITAL 78746 | OSIO
,strong,SEOUL ASIAN FOOD MARKET,,SEOUL ASIAN FOOD MARKET LLC,5610 N LAMAR BOULEVARD 'B',Austin,78751,SEOUL,tabc_licenses,1,tabc_licenses: Expired - Original Required,no activity evidence (permit only),2009-11-23,False,,,,,,,,,,False,,,5610 LAMAR 78751 | SEOUL
,strong,SV - Kpot Korean BBQ & Hot Pot,,,"5200 Brodie Ln Sunset Valley, TX 78745-2586",Austin,78745,KOREA,atx_inspections,1,atx_inspections: inspected 2024-09-19 to 2025-12-02,operating: inspected 2025-12-02,2025-12-02,False,,,,,,Austin: Far South,zip,inspection lat/lon,3.4,False,30.23156,-97.81959,5200 BRODIE 78745 | KPOT
,strong,ZZIM KOREAN GRILL,,SEED KOREAN FOOD LLC,10901 N LAMAR BLVD STE B204,Austin,78753,KOREA,sales_tax_permits,1,sales_tax_permits: active permit,no activity evidence (permit only),2025-12-22,False,,,True,,,North Lamar,polygon,street centerline,12.1,False,30.378497,-97.688289,10901 LAMAR 78753 | ZZIM
,weak,Hana World Market - Supermarket,HANA WORLD MARKET; Hana World Market - Deli; Hana World Market - Foodcourt; Hana World Market - Meat and Fish,CYC ENTERPRISES INC.,"1700 W Parmer Ln Ste 100 # Bunit Austin, TX 78727-4605",Austin,78727,HANA,"atx_inspections, tabc_licenses",2,tabc_licenses: Expired - Original Required | atx_inspections: inspected 2025-06-24 to 2025-06-24 | atx_inspections: inspected 2024-02-06 to 2025-11-21 | atx_inspections: inspected 2024-02-06 to 2025-06-24 | atx_inspections: inspected 2024-02-06 to 2025-06-24,operating: inspected 2025-11-21,2025-11-21,False,,,,,,Austin: North,zip,inspection lat/lon,14.31,False,30.41284,-97.68892,1700 PARMER 78727 | HANA
,weak,K-FOOD TEXAS LLC,,"K-FOOD TEXAS, L.L.C.",1420 HOUSTON ST,Austin,78756,K-FOOD,sales_tax_permits,1,sales_tax_permits: active permit,no activity evidence (permit only),2024-10-01,False,,,True,,,Brentwood/Highland,polygon,street centerline,7.83,False,30.326968,-97.735653,1420 HOUSTON 78756 | K
,weak,KIM'S COZY CRUMB LLC,,KIM'S COZY CRUMB LLC,715 UPPER ELGIN RIVER RD,Elgin,78621,KIM'S,sales_tax_permits,1,sales_tax_permits: active permit,no activity evidence (permit only),2026-03-01,False,,,True,,,,,,,False,,,715 UPPER 78621 | KIMS
,weak,OOB - K Food Austin,,,"11200 Lakeline Mall Dr Ste VC7 Cedar Park, TX 78613-1508",Austin,78613,K FOOD,atx_inspections,1,atx_inspections: inspected 2024-11-07 to 2024-11-07,no recent activity (last evidence 2024-11-07),2024-11-07,False,,,,,,Cedar Park / Leander,zip,inspection lat/lon,17.72,False,30.47053,-97.80652,11200 LAKELINE 78613 | K
