source,record_id,name,owner,address,city,zip,status,license_type,date,date_kind,status_change_date,naics,receipts_recent,receipts_window,lat,lon,strength,terms,food_naics,addr_key
sales_tax_permits,32100588865-1,KBBQNOW,SOO GWEON,101 IVA JUNE LN,GEORGETOWN,78628,active permit,,2025-08-01,first sales,,722330,,,,,strong,KBBQ,True,101 IVA 78628 | KBBQNOW
atx_inspections,10159246,Korean Grill,,"10901 N Lamar Blvd # Bunit # 204 Austin, TX 78753-3696",AUSTIN,78753-3696,inspected 2024-01-24 to 2025-04-01,,2025-04-01,last inspection,,,,,30.3783,-97.68774,strong,KOREA,,10901 LAMAR 78753 | KOREAN
tabc_licenses,102153763.0,KOREAN GRILL,SOOKIL JEON,10901 N LAMAR BLVD STE B204,Austin,78753,Surrendered,BG,2009-07-13,original issue,2026-06-12,,,,,,strong,KOREA,,10901 LAMAR 78753 | KOREAN
sales_tax_permits,32102789859-1,ZZIM KOREAN GRILL,SEED KOREAN FOOD LLC,10901 N LAMAR BLVD STE B204,AUSTIN,78753,active permit,,2025-12-22,first sales,,722511,,,,,strong,KOREA,True,10901 LAMAR 78753 | ZZIM
tabc_licenses,200115665.0,Donkey Mo's Korean Fried Chicken,JJIM BBQ LLC,1100 S Lamar Blvd,Austin,78704,Surrendered,BG,2024-02-21,original issue,2026-01-06,,,,,,strong,"JJIM, KOREA",,1100 LAMAR 78704 | DONKEY
atx_inspections,12392936,JJIM Korean Braised BBQ,,"1100 S Lamar Blvd Austin, TX 78704",AUSTIN,78704,inspected 2024-01-30 to 2024-01-30,,2024-01-30,last inspection,,,,,30.25571,-97.76255,strong,"JJIM, KOREA",,1100 LAMAR 78704 | JJIM
tabc_licenses,106806464.0,JJIM KOREAN BRAISED BBQ,JJIM BBQ LLC,1100 S LAMAR BLVD STE 2140,Austin,787040371,Expired - Original Required,BG,2020-09-21,original issue,2022-10-21,,,,,,strong,"JJIM, KOREA",,1100 LAMAR 78704 | JJIM
mixed_bev,MB106965938,GANGNAM KOREAN BBQ,GANGNAM AUSTIN BBQ LLC,1100 LITTLE TEXAS LN,AUSTIN,78745,reported 2021-03 to 2021-03,,2021-03-31,last receipts period,,,,,,,strong,"GANGNAM, KOREA",,1100 LITTLE 78745 | GANGNAM
mixed_bev,MB1111902,GANGNAM KOREAN BBQ,GANGNAM AUSTIN BBQ LLC,1100 LITTLE TEXAS LN,AUSTIN,78745,reported 2021-04 to 2026-08,,2026-08-31,last receipts period,,,357765.0,2025-08 to 2026-08 (13 months),,,strong,"GANGNAM, KOREA",,1100 LITTLE 78745 | GANGNAM
sales_tax_permits,32073068655-1,GANGNAM KOREAN BBQ,GANGNAM AUSTIN BBQ LLC,1100 LITTLE TEXAS LN,AUSTIN,78745,active permit,,2020-09-01,first sales,,722511,,,,,strong,"GANGNAM, KOREA",True,1100 LITTLE 78745 | GANGNAM
tabc_licenses,106965938.0,GANGNAM KOREAN BBQ,GANGNAM AUSTIN BBQ LLC,1100 LITTLE TEXAS LN,Austin,78745,Active,MB,2021-03-11,original issue,2025-02-19,,,,,,strong,"GANGNAM, KOREA",,1100 LITTLE 78745 | GANGNAM
atx_inspections,11483621,Chi'Lantro,,"11005 Burnet Rd Ste 108 Austin, TX 78758-4440",AUSTIN,78758-4440,inspected 2024-02-05 to 2026-07-15,,2026-07-15,last inspection,,,,,30.39439,-97.72018,strong,CHI'LANTRO,,11005 BURNET 78758 | CHILANTRO
sales_tax_permits,32059502776-1,"CHI'LANTRO - DOMAIN, LLC","CHI'LANTRO - DOMAIN, LLC",11005 BURNET RD STE 108,AUSTIN,78758,active permit,,2016-04-22,first sales,,722513,,,,,strong,CHI'LANTRO,True,11005 BURNET 78758 | CHILANTRO
atx_inspections,12396918,OOB - K Food Austin,,"11200 Lakeline Mall Dr Ste VC7 Cedar Park, TX 78613-1508",AUSTIN,78613-1508,inspected 2024-11-07 to 2024-11-07,,2024-11-07,last inspection,,,,,30.47053,-97.80652,weak,K FOOD,,11200 LAKELINE 78613 | K
sales_tax_permits,32080833349-2,KFOOD AUSTIN - CUPBAP,SEOUL BOBA CAFI INC,11200 LAKELINE MALL DR STE VC7,CEDAR PARK,78613,active permit,,2025-03-24,first sales,,722511,,,,,strong,SEOUL,True,11200 LAKELINE 78613 | KFOOD
mixed_bev,MB200048710,BBQ CHICKEN,SJDJ1 LLC,11301 LAKELINE BLVD STE 110,AUSTIN,78717,reported 2022-06 to 2026-08,,2026-08-31,last receipts period,,,67405.0,2025-08 to 2026-08 (13 months),,,strong,BBQ CHICKEN,,11301 LAKELINE 78717 | BBQ
sales_tax_permits,32078854000-1,BBQ CHICKEN,SJDJ1 LLC,11301 LAKELINE BLVD STE 110,AUSTIN,78717,active permit,,2021-07-01,first sales,,722511,,,,,strong,BBQ CHICKEN,True,11301 LAKELINE 78717 | BBQ
tabc_licenses,200048710.0,BBQ CHICKEN,SJDJ1 LLC,11301 LAKELINE BLVD STE 110,Austin,78717,Active,MB,2022-06-21,original issue,2026-07-21,,,,,,strong,BBQ CHICKEN,,11301 LAKELINE 78717 | BBQ
sales_tax_permits,32097952561-1,CHO DANG TOFU HOUSE,HAEDAM LLC,11301 LAKELINE BLVD,AUSTIN,78717,active permit,,2025-03-01,first sales,,722511,,,,,strong,TOFU HOUSE,True,11301 LAKELINE 78717 | CHO
atx_inspections,11854994,H Mart,,"11301 Lakeline Blvd Austin, TX 78717-5912",AUSTIN,78717-5912,inspected 2025-06-17 to 2025-06-17,,2025-06-17,last inspection,,,,,30.47941,-97.79937,strong,H MART,,11301 LAKELINE 78717 | H
sales_tax_permits,32060574558-1,H MART,"H MART AUSTIN, LLC",11301 LAKELINE BLVD,AUSTIN,78717,active permit,,2017-09-13,first sales,,445110,,,,,strong,H MART,True,11301 LAKELINE 78717 | H
tabc_licenses,105559681.0,H MART,H MART AUSTIN LLC,11301 LAKELINE BLVD STE 170 AND 180,Austin,787175912,Active,BG,2018-02-13,original issue,2026-01-30,,,,,,strong,H MART,,11301 LAKELINE 78717 | H
mixed_bev,MB200174160,HANSHIN POCHA,EA MORE LLC,11301 LAKELINE BLVD STE 8-114,AUSTIN,78717,reported 2025-11 to 2026-08,,2026-08-31,last receipts period,,,161045.0,2025-11 to 2026-08 (10 months),,,strong,POCHA,,11301 LAKELINE 78717 | HANSHIN
sales_tax_permits,32095517069-2,HANSHIN POCHA,EA MORE LLC,11301 LAKELINE BLVD STE 8-114,AUSTIN,78717,active permit,,2025-06-01,first sales,,722511,,,,,strong,POCHA,True,11301 LAKELINE 78717 | HANSHIN
tabc_licenses,200174160.0,Hanshin Pocha,Ea more LLC,11301 LAKELINE BLVD BLDG 8 Ste 114,Austin,787175912,Active,MB,2025-11-20,original issue,2025-10-07,,,,,,strong,POCHA,,11301 LAKELINE 78717 | HANSHIN
atx_inspections,12396537,Honey Pig Korean BBQ,,"11301 Lakeline Blvd  Austin, TX 78717-5912",AUSTIN,78717-5912,inspected 2025-09-17 to 2025-09-17,,2025-09-17,last inspection,,,,,30.47941,-97.79937,strong,KOREA,,11301 LAKELINE 78717 | HONEY
mixed_bev,MB200141225,GHAMA ZONE KOREAN FOOD,"GSHS FAMILY, LLC",118 E MAIN ST,ROUND ROCK,78664,reported 2024-08 to 2026-08,,2026-08-31,last receipts period,,,170337.0,2025-08 to 2026-08 (13 months),,,strong,KOREA,,118 MAIN 78664 | GHAMA
sales_tax_permits,32086966119-2,GHAMA ZONE KOREAN FOOD,"GSHS FAMILY, LLC",118 E MAIN ST,ROUND ROCK,78664,active permit,,2024-01-01,first sales,,722511,,,,,strong,KOREA,True,118 MAIN 78664 | GHAMA
tabc_licenses,200097112.0,Ghama Zone Korean Food,"GSHS FAMILY, LLC",118 E Main St,Round Rock,786645243,Expired - Original Required,BG,2023-06-23,original issue,2025-07-23,,,,,,strong,KOREA,,118 MAIN 78664 | GHAMA
tabc_licenses,200141225.0,GHAMA ZONE KOREAN FOOD,"GSHS FAMILY, LLC",118 E Main St,Round Rock,786645243,Active,MB,2024-08-30,original issue,2026-09-23,,,,,,strong,KOREA,,118 MAIN 78664 | GHAMA
mixed_bev,MB104556220,CHARM KOREAN BBQ,CHARM KOREAN BBQ LIMITED LIABILITY COMPANY,1200 W HOWARD LN STE B,AUSTIN,78753,reported 2015-11 to 2015-11,,2015-11-30,last receipts period,,,,,,,strong,KOREA,,1200 HOWARD 78753 | CHARM
mixed_bev,MB927437,CHARM KOREAN BBQ,CHARM KOREAN BBQ LIMITED LIABILITY COMPANY,1200 W HOWARD LN STE B,AUSTIN,78753,reported 2015-12 to 2024-02,,2024-02-29,last receipts period,,,,,,,strong,KOREA,,1200 HOWARD 78753 | CHARM
tabc_licenses,104556220.0,CHARM KOREAN BBQ,CHARM KOREAN BBQ LIMITED LIABILITY COMPANY,1200 W HOWARD LANE SUITE B,Austin,78753,Expired - Original Required,MB,2015-11-19,original issue,2025-12-19,,,,,,strong,KOREA,,1200 HOWARD 78753 | CHARM
tabc_licenses,200121681.0,Charm Korean BBQ,YSYY Investment Inc.,1200 W Howard Ln,Austin,787539712,Active,MB,2024-02-21,original issue,2026-04-07,,,,,,strong,KOREA,,1200 HOWARD 78753 | CHARM
mixed_bev,MB200121681,CHODANG TOFU HOUSE KOREAN BBQ,YSYY INVESTMENT INC,1200 W HOWARD LN STE B,AUSTIN,78753,reported 2024-02 to 2026-08,,2026-08-31,last receipts period,,,112428.0,2025-08 to 2026-08 (13 months),,,strong,"KOREA, TOFU HOUSE",,1200 HOWARD 78753 | CHODANG
sales_tax_permits,32053929660-4,CHODANG TOFU HOUSE KOREAN BBQ,YSYY INVESTMENT INC,1200 W HOWARD LN STE B,AUSTIN,78753,active permit,,2024-01-01,first sales,,722513,,,,,strong,"KOREA, TOFU HOUSE",True,1200 HOWARD 78753 | CHODANG
atx_inspections,12019345,Chi'Lantro Mueller,,"1201 Barbara Jordan Blvd Ste 1460 Austin, TX 78723-3157",AUSTIN,78723-3157,inspected 2023-12-28 to 2026-03-19,,2026-03-19,last inspection,,,,,30.30636,-97.70917,strong,CHI'LANTRO,,1201 BARBARA 78723 | CHILANTRO
sales_tax_permits,32063742814-1,"CHI'LANTRO - MUELLER, LLC","CHI'LANTRO - MUELLER, LLC",1201 BARBARA JORDAN BLVD STE 1460,AUSTIN,78723,active permit,,2018-09-21,first sales,,722513,,,,,strong,CHI'LANTRO,True,1201 BARBARA 78723 | CHILANTRO
atx_inspections,12396904,Chi'Lantro - 620,,"12129 FM 620 N Austin, TX 78750-1090",AUSTIN,78750-1090,inspected 2024-06-10 to 2025-12-08,,2025-12-08,last inspection,,,,,30.46152,-97.81794,strong,CHI'LANTRO,,12129 FM 78750 | CHILANTRO
sales_tax_permits,32080031209-1,CHI'LANTRO - 620 LLC,CHI'LANTRO - 620 LLC,12129 RANCH ROAD 620 N STE 202,AUSTIN,78750,active permit,,2021-10-01,first sales,,722513,,,,,strong,CHI'LANTRO,True,12129 RANCH 78750 | CHILANTRO
mixed_bev,MB1045480,CHARM BBQ CHICKEN,"CHARM BBQ CHICKEN, LLC",12233 RANCH ROAD 620 N STE 104,AUSTIN,78750,reported 2019-02 to 2023-03,,2023-03-31,last receipts period,,,,,,,strong,BBQ CHICKEN,,12233 RANCH 78750 | CHARM
tabc_licenses,106103160.0,CHARM BBQ CHICKEN,CHARM BBQ CHICKEN LLC,12233 RANCH ROAD 620 N STE 104,Austin,787501092,Expired - Original Required,MB,2019-02-20,original issue,2023-04-14,,,,,,strong,BBQ CHICKEN,,12233 RANCH 78750 | CHARM
sales_tax_permits,32100091324-1,K-POP KOREAN BBQ & HOT POT,KHP AUSTIN 13945 LLC,13945 N HIGHWAY 183 STE B5,AUSTIN,78717,active permit,,2026-05-07,first sales,,722511,,,,,strong,KOREA,True,13945 HWY 78717 | K
tabc_licenses,200203601.0,K-POT KOREAN BBQ & HOT POT,KHP Austin 13945 LLC,13945 N Hwy 183,Austin,78717,Active,MB,2026-08-12,original issue,2026-07-16,,,,,,strong,KOREA,,13945 HWY 78717 | K
atx_inspections,11647453,"Chi'Lantro - South Shore, LLC",,"1414 Shore District Dr Austin, TX 78741-2562",AUSTIN,78741-2562,inspected 2024-09-11 to 2025-09-19,,2025-09-19,last inspection,,,,,30.24371,-97.72851,strong,CHI'LANTRO,,1414 SHORE 78741 | CHILANTRO
sales_tax_permits,32060239038-1,CHI'LANTRO,"CHI'LANTRO - SOUTH SHORE, LLC",1414 SHORE DISTRICT DR,AUSTIN,78741,active permit,,2016-07-01,first sales,,722513,,,,,strong,CHI'LANTRO,True,1414 SHORE 78741 | CHILANTRO
sales_tax_permits,32095144641-1,K-FOOD TEXAS LLC,"K-FOOD TEXAS, L.L.C.",1420 HOUSTON ST,AUSTIN,78756,active permit,,2024-10-01,first sales,,722330,,,,,weak,K-FOOD,True,1420 HOUSTON 78756 | K
atx_inspections,11248790,Chi'Lantro,,"1509 S Lamar Blvd Austin, TX 78704-2965",AUSTIN,78704-2965,inspected 2023-10-17 to 2026-02-26,,2026-02-26,last inspection,,,,,30.25178,-97.7641,strong,CHI'LANTRO,,1509 LAMAR 78704 | CHILANTRO
sales_tax_permits,32055539913-1,CHI'LANTRO,"CHI'LANTRO - SOUTH LAMAR, LLC",1509 S LAMAR BLVD # 575,AUSTIN,78704,active permit,,2015-01-01,first sales,,722511,,,,,strong,CHI'LANTRO,True,1509 LAMAR 78704 | CHILANTRO
tabc_licenses,104236702.0,CHI'LANTRO,CHI'LANTRO - SOUTH LAMAR LLC,1509 S LAMAR BOULEVARD SUITE 575,Austin,78704,Expired - Original Required,BG,2015-02-06,original issue,2021-02-24,,,,,,strong,CHI'LANTRO,,1509 LAMAR 78704 | CHILANTRO
atx_inspections,12156023,Oseyo Restaurant,,"1628 E Cesar Chavez St Austin, TX 78702-4456",AUSTIN,78702-4456,inspected 2025-04-02 to 2025-08-07,,2025-08-07,last inspection,,,,,30.25832,-97.72758,strong,OSEYO,,1628 CESAR 78702 | OSEYO
mixed_bev,MB1045601,OSEYO RESTAURANT,OSEYO RESTAURANT LLC,1628 E CESAR CHAVEZ ST,AUSTIN,78702,reported 2019-02 to 2019-02,,2019-02-28,last receipts period,,,,,,,strong,OSEYO,,1628 CESAR 78702 | OSEYO
mixed_bev,MB106066885,OSEYO RESTAURANT,OSEYO RESTAURANT LLC,1628 E CESAR CHAVEZ ST,AUSTIN,78702,reported 2019-03 to 2026-08,,2026-08-31,last receipts period,,,1184180.0,2025-08 to 2026-08 (13 months),,,strong,OSEYO,,1628 CESAR 78702 | OSEYO
sales_tax_permits,32064929329-1,OSEYO RESTAURANT,OSEYO RESTAURANT LLC,1628 E CESAR CHAVEZ ST,AUSTIN,78702,active permit,,2019-01-01,first sales,,722511,,,,,strong,OSEYO,True,1628 CESAR 78702 | OSEYO
tabc_licenses,106066885.0,OSEYO RESTAURANT,OSEYO RESTAURANT LLC,1628 E CESAR CHAVEZ ST,Austin,787024456,Active,MB,2019-02-22,original issue,2026-03-03,,,,,,strong,OSEYO,,1628 CESAR 78702 | OSEYO
atx_inspections,12401025,OOB - Bulgogi Korean BBQ Bowl,,"1700 W Parmer Ln Ste 240 Austin, TX 78727-4606",AUSTIN,78727-4606,inspected 2025-11-13 to 2026-06-03,,2026-06-03,last inspection,,,,,30.41284,-97.68892,strong,"BULGOGI, KOREA",,1700 PARMER 78727 | BULGOGI
sales_tax_permits,32101738907-1,BULGOGI KOREAN BBQ BOWL,SMBT LLC,1700 W PARMER LN STE 240,AUSTIN,78727,active permit,,2025-09-06,first sales,,722511,,,,,strong,"BULGOGI, KOREA",True,1700 PARMER 78727 | BULGOGI
atx_inspections,10676999,Hana World Market - Supermarket,,"1700 W Parmer Ln Ste 100 # Bunit Austin, TX 78727-4605",AUSTIN,78727-4605,inspected 2025-06-24 to 2025-06-24,,2025-06-24,last inspection,,,,,30.41284,-97.68892,weak,HANA,,1700 PARMER 78727 | HANA
atx_inspections,10866935,Hana World Market - Meat and Fish,,"1700 W Parmer Ln Ste 100 # Bunit Austin, TX 78727-4605",AUSTIN,78727-4605,inspected 2024-02-06 to 2025-11-21,,2025-11-21,last inspection,,,,,30.41284,-97.68892,weak,HANA,,1700 PARMER 78727 | HANA
atx_inspections,10866954,Hana World Market - Deli,,"1700 W Parmer Ln Ste 100 # Bunit Austin, TX 78727-4605",AUSTIN,78727-4605,inspected 2024-02-06 to 2025-06-24,,2025-06-24,last inspection,,,,,30.41284,-97.68892,weak,HANA,,1700 PARMER 78727 | HANA
atx_inspections,10875585,Hana World Market - Foodcourt,,"1700 W Parmer Ln Ste 100 # Bunit Austin, TX 78727-4605",AUSTIN,78727-4605,inspected 2024-02-06 to 2025-06-24,,2025-06-24,last inspection,,,,,30.41284,-97.68892,weak,HANA,,1700 PARMER 78727 | HANA
tabc_licenses,103000377.0,HANA WORLD MARKET,CYC ENTERPRISES INC.,1700 W PARMER LANE SUITE 100,Austin,78727,Expired - Original Required,BQ,2011-12-06,original issue,2025-12-16,,,,,,weak,HANA,,1700 PARMER 78727 | HANA
sales_tax_permits,32088807980-1,CHI'LANTRO 12 LLC,CHI'LANTRO 12 LLC,180 SPRINGTOWN WAY STE 104,SAN MARCOS,78666,active permit,,2023-06-01,first sales,,722513,,,,,strong,CHI'LANTRO,True,180 SPRINGTOWN 78666 | CHILANTRO
atx_inspections,12401383,PF - Gen Korean BBQ House,,"18900 Limestone Commercial Dr Unit 100 Pflugerville, TX 78660-4524",AUSTIN,78660-4524,inspected 2025-04-29 to 2026-03-03,,2026-03-03,last inspection,,,,,30.4698,-97.59595,strong,GEN KOREAN,,18900 LIMESTONE 78660 | GEN
mixed_bev,MB200131274,GEN KOREAN BBQ HOUSE,GEN PFLUGERVILLE LP,18900 LIMESTONE COMMERCIAL DR STE 100,PFLUGERVILLE,78660,reported 2024-06 to 2026-08,,2026-08-31,last receipts period,,,197531.0,2025-08 to 2026-08 (13 months),,,strong,GEN KOREAN,,18900 LIMESTONE 78660 | GEN
sales_tax_permits,32093383365-1,GEN KOREAN BBQ HOUSE,GEN PFLUGERVILLE LP,18900 LIMESTONE COMMERCIAL DR STE 100,PFLUGERVILLE,78660,active permit,,2024-06-24,first sales,,722511,,,,,strong,GEN KOREAN,True,18900 LIMESTONE 78660 | GEN
tabc_licenses,200131274.0,Gen Korean BBQ House,Gen Pflugerville LP,18900 Limestone Commercial Dr,Pflugerville,786604515,Active,MB,2024-06-24,original issue,2026-08-06,,,,,,strong,GEN KOREAN,,18900 LIMESTONE 78660 | GEN
tabc_licenses,105048310.0,GANGNAM ZIP,DREAM SUSHI INC.,202 WALTON WAY STE 150,Cedar Park,786136824,Expired - Original Required,BG,2016-12-19,original issue,2023-01-18,,,,,,strong,GANGNAM,,202 WALTON 78613 | GANGNAM
atx_inspections,12186291,Korea House Restaurant,,"2700 W Anderson Ln Ste 501 Austin, TX 78757-1154",AUSTIN,78757-1154,inspected 2024-09-04 to 2026-06-17,,2026-06-17,last inspection,,,,,30.35906,-97.7346,strong,KOREA,,2700 ANDERSON 78757 | KOREA
sales_tax_permits,32055349966-1,KOREA HOUSE RESTAURANT,POK C KIM,2700 W ANDERSON LN STE 501,AUSTIN,78757,active permit,,2014-10-01,first sales,,722511,,,,,strong,KOREA,True,2700 ANDERSON 78757 | KOREA
tabc_licenses,104781604.0,KOREA HOUSE RESTAURANT,POK KIM,2700 W ANDERSON LANE SUITE 501,Austin,78757,Active,BG,2016-05-06,original issue,2026-06-10,,,,,,strong,KOREA,,2700 ANDERSON 78757 | KOREA
tabc_licenses,105640607.0,BONCHON KOREAN FRIED CHICKEN,BNCN ROUNDROCK LLC,2800 IH 35 S STE 120,Round Rock,78681,Expired - Original Required,BG,2018-04-09,original issue,2022-05-09,,,,,,strong,"BONCHON, KOREA",,2800 IH 78681 | BONCHON
tabc_licenses,200064551.0,Osio Korean Japanese,Osio Inc,2901 S Capital of Texas Hwy H20,Austin,78746,Expired - Original Required,BG,2022-10-06,original issue,2024-11-05,,,,,,strong,KOREA,,2901 CAPITAL 78746 | OSIO
atx_inspections,12185620,Chi'Lantro - Colorado,,"303 Colorado St Ste 100 Austin, TX 78701-4895",AUSTIN,78701-4895,inspected 2023-12-28 to 2026-02-23,,2026-02-23,last inspection,,,,,30.26588,-97.74484,strong,CHI'LANTRO,,303 COLORADO 78701 | CHILANTRO
sales_tax_permits,32068721854-1,"CHI'LANTRO - COLORADO, LLC","CHI'LANTRO - COLORADO, LLC",303 COLORADO ST,AUSTIN,78701,active permit,,2019-06-01,first sales,,722513,,,,,strong,CHI'LANTRO,True,303 COLORADO 78701 | CHILANTRO
sales_tax_permits,32041015846-2,CHI'LANTRO LLC,CHI'LANTRO LLC,3110 MANOR RD STE B,AUSTIN,78723,active permit,,2016-02-01,first sales,,722330,,,,,strong,CHI'LANTRO,True,3110 MANOR 78723 | CHILANTRO
sales_tax_permits,32061043082-1,CHI'LANTRO,"CHI ' LANTRO - CATERING, LLC",3110 MANOR RD STE B,AUSTIN,78723,active permit,,2016-09-01,first sales,,722320,,,,,strong,CHI'LANTRO,True,3110 MANOR 78723 | CHILANTRO
mixed_bev,SL710602,KOREANET INC,KWANG KIM,314 E HIGHLAND MALL BLVD STE 210,AUSTIN,78752,reported 2013-07 to 2013-07,,2013-07-31,last receipts period,,,,,,,strong,KOREA,,314 HIGHLAND 78752 | KOREANET
tabc_licenses,200065880.0,Jan Chi Korean Cuisine & BBQ,JAN CHI INC.,3808 Spicewood Springs Rd,Austin,787598964,Surrendered,MB,2022-09-06,original issue,2025-07-14,,,,,,strong,KOREA,,3808 SPICEWOOD 78759 | JAN
mixed_bev,MB200089858,TAYLOR SEOUL FOOD,NAOMI GMJ LLC,407 W 9TH,TAYLOR,76574,reported 2023-06 to 2026-08,,2026-08-31,last receipts period,,,14981.0,2025-08 to 2026-08 (13 months),,,strong,SEOUL,,407 9TH 76574 | TAYLOR
tabc_licenses,200089858.0,Taylor Seoul Food,Naomi GMJ,407 W 9th St,Taylor,76574,Active,MB,2023-06-28,original issue,2025-06-24,,,,,,strong,SEOUL,,407 9TH 76574 | TAYLOR
atx_inspections,12400040,An Nyeong Korean Tofu House,,"5011 Burnet Rd Unit 150 Austin, TX 78756-2653",AUSTIN,78756-2653,inspected 2024-08-08 to 2026-02-05,,2026-02-05,last inspection,,,,,30.32143,-97.73865,strong,"KOREA, TOFU HOUSE",,5011 BURNET 78756 | AN
sales_tax_permits,32068177040-1,LEROY AND LEWIS - KOREAN TEXAS BBQ,"LEROY AND LEWIS - TEXAS BBQ, LLC.",513 BLACKBERRY DR,AUSTIN,78745,active permit,,2018-09-15,first sales,,722330,,,,,strong,KOREA,True,513 BLACKBERRY 78745 | LEROY
mixed_bev,MB200088269,K-POT KOREAN BBQ & HOT POT,KHP SUNSET VALLEY LLC,5200 BRODIE LN,SUNSET VALLY,78745,reported 2023-03 to 2026-08,,2026-08-31,last receipts period,,,378169.0,2025-08 to 2026-08 (13 months),,,strong,KOREA,,5200 BRODIE 78745 | K
sales_tax_permits,32082249510-1,K-POT KOREAN BBQ & HOT POT,KHP SUNSET VALLEY LLC,5200 BRODIE LN,SUNSET VALLY,78745,active permit,,2022-03-01,first sales,,722511,,,,,strong,KOREA,True,5200 BRODIE 78745 | K
tabc_licenses,200088269.0,K-POT KOREAN BBQ & HOT POT,KHP SUNSET VALLEY LLC,5200 Brodie Ln,Sunset Valley,78745,Active,MB,2023-03-21,original issue,2025-03-07,,,,,,strong,KOREA,,5200 BRODIE 78745 | K
atx_inspections,12399626,SV - Kpot Korean BBQ & Hot Pot,,"5200 Brodie Ln Sunset Valley, TX 78745-2586",AUSTIN,78745-2586,inspected 2024-09-19 to 2025-12-02,,2025-12-02,last inspection,,,,,30.23156,-97.81959,strong,KOREA,,5200 BRODIE 78745 | KPOT
atx_inspections,11300211,Chi'Lantro,,"5222 Burnet Rd Ste 525 Austin, TX 78756-2416",AUSTIN,78756-2416,inspected 2023-12-19 to 2025-12-17,,2025-12-17,last inspection,,,,,30.3243,-97.74021,strong,CHI'LANTRO,,5222 BURNET 78756 | CHILANTRO
sales_tax_permits,32056381224-1,CHI'LANTRO,"CHI'LANTRO - BURNET, LLC",5222 BURNET RD STE 525,AUSTIN,78756,active permit,,2015-05-11,first sales,,722513,,,,,strong,CHI'LANTRO,True,5222 BURNET 78756 | CHILANTRO
tabc_licenses,104354855.0,CHILANTRO,CHI'LANTRO - BURNET LLC,5222 BURNET ROAD SUITE 525,Austin,78756,Expired - Original Required,BG,2015-05-28,original issue,2021-06-17,,,,,,strong,"CHI'LANTRO, CHILANTRO",,5222 BURNET 78756 | CHILANTRO
sales_tax_permits,32087000777-1,"H MART AUSTIN II, LLC","H MART AUSTIN II, LLC",5222 BURNET RD STE 600,AUSTIN,78756,active permit,,2025-04-01,first sales,,445110,,,,,strong,H MART,True,5222 BURNET 78756 | H
tabc_licenses,200163019.0,H Mart Austin II LLC,"H Mart Austin II, LLC",5222 Burnet Rd Suite 600,Austin,78756,Active,BQ,2025-04-29,original issue,2025-04-08,,,,,,strong,H MART,,5222 BURNET 78756 | H
atx_inspections,12400183,Donkey Mo's Korean Fried Chicken,,"5312 Airport Blvd Ste D Austin, TX 78751-2257",AUSTIN,78751-2257,inspected 2024-10-07 to 2026-05-04,,2026-05-04,last inspection,,,,,30.31479,-97.7152,strong,KOREA,,5312 AIRPORT 78751 | DONKEY
sales_tax_permits,32080312336-1,"CHI'LANTRO 1, LLC","CHI'LANTRO 1, LLC",5555 N LAMAR BLVD STE J105,AUSTIN,78751,active permit,,2026-07-01,first sales,,722513,,,,,strong,CHI'LANTRO,True,5555 LAMAR 78751 | CHILANTRO
tabc_licenses,102323563.0,SEOUL ASIAN FOOD MARKET,SEOUL ASIAN FOOD MARKET LLC,5610 N LAMAR BOULEVARD 'B',Austin,78751,Expired - Original Required,BG,2009-11-23,original issue,2022-04-01,,,,,,strong,SEOUL,,5610 LAMAR 78751 | SEOUL
atx_inspections,2803147,Koriente Restaurant,,"621 E 7th St Austin, TX 78701-3304",AUSTIN,78701-3304,inspected 2024-06-20 to 2025-01-22,,2025-01-22,last inspection,,,,,30.26701,-97.73598,strong,KORIENTE,,621 7TH 78701 | KORIENTE
tabc_licenses,101250876.0,KORIENTE RESTAURANT & TEA HOUSE,KORIENTE CORPORATION,621 E 7TH STREET,Austin,787013304,Expired - Original Required,BG,2006-08-18,original issue,2020-09-08,,,,,,strong,KORIENTE,,621 7TH 78701 | KORIENTE
atx_inspections,12393135,Chi'Lantro - Parmer,,"6301 W Parmer Ln Ste 204 Austin, TX 78729-6803",AUSTIN,78729-6803,inspected 2024-01-11 to 2026-06-04,,2026-06-04,last inspection,,,,,30.44532,-97.74371,strong,CHI'LANTRO,,6301 PARMER 78729 | CHILANTRO
sales_tax_permits,32071929544-1,CHI'LANTRO - PARMER,"CHI'LANTRO - PARMER, LLC",6301 W PARMER LN STE 204,AUSTIN,78729,active permit,,2020-03-01,first sales,,722513,,,,,strong,CHI'LANTRO,True,6301 PARMER 78729 | CHILANTRO
sales_tax_permits,32068041261-2,DONKEY MO'S KOREAN FRIED CHICKEN,CKN BOYZ LLC,6301 W PARMER LN STE 502,AUSTIN,78729,active permit,,2026-06-01,first sales,,722513,,,,,strong,KOREA,True,6301 PARMER 78729 | DONKEY
tabc_licenses,200193624.0,Donkey Mo's Korean Fried Chicken,CKN BOYZ LLC,6301 W Parmer Ln,Austin,78729,Active,BG,2026-05-26,original issue,2026-04-07,,,,,,strong,KOREA,,6301 PARMER 78729 | DONKEY
atx_inspections,12401481,"Seoul Korean Restaurant & DK Sushi, LLC",,"6400 S 1st St Ste C Austin, TX 78745-3932",AUSTIN,78745-3932,inspected 2025-02-12 to 2026-08-13,,2026-08-13,last inspection,,,,,30.20031,-97.78613,strong,"KOREA, SEOUL",,6400 1ST 78745 | SEOUL
sales_tax_permits,32059228893-1,SEOUL KOREAN RESTAURANT & SUSHI BAR LLC,SEOUL KOREAN RESTAURANT & SUSHI BAR LLC,6400 S 1ST ST STE C,AUSTIN,78745,active permit,,2016-01-11,first sales,,722511,,,,,strong,"KOREA, SEOUL",True,6400 1ST 78745 | SEOUL
tabc_licenses,100102962.0,SEOUL RESTAURANT,SEOUL KOREAN RESTAURANT & SUSHI BAR LLC,6400 S 1ST STREET 'C',Austin,78745,Active,BG,2001-10-15,original issue,2025-10-08,,,,,,strong,"KOREA, SEOUL",,6400 1ST 78745 | SEOUL
mixed_bev,MB698141,KOREA GARDEN,SANG S CHONG,6519 N LAMAR BLVD,AUSTIN,78752,reported 2008-07 to 2011-02,,2011-02-28,last receipts period,,,,,,,strong,KOREA,,6519 LAMAR 78752 | KOREA
mixed_bev,MB794717,MANNA KOREAN RESTAURANT,MANNA KOREAN RESTAURANT LP,6808 N LAMAR BLVD STE A-120,AUSTIN,78752,reported 2012-01 to 2017-12,,2017-12-31,last receipts period,,,,,,,strong,KOREA,,6808 LAMAR 78752 | MANNA
sales_tax_permits,32070813558-1,MANNA KOREAN RESTAURANT,AUSTIN MANNA RESTAURANT LLC,6808 N LAMAR BLVD STE A120,AUSTIN,78752,active permit,,2019-07-01,first sales,,722513,,,,,strong,KOREA,True,6808 LAMAR 78752 | MANNA
tabc_licenses,104655228.0,MANNA KOREAN RESTAURANT,MANNA KOREAN RESTAURANT LP,6808 N LAMAR BOULEVARD SUITE A120,Austin,78752,Expired - Original Required,BG,2016-02-19,original issue,2020-03-09,,,,,,strong,KOREA,,6808 LAMAR 78752 | MANNA
tabc_licenses,106341338.0,MANNA KOREAN RESTAURANT,Austin Manna Restaurant LLC,6808 N LAMAR BOULEVARD SUITE A120,Austin,78752,Expired - Original Required,BE,2019-09-04,original issue,2023-10-04,,,,,,strong,KOREA,,6808 LAMAR 78752 | MANNA
tabc_licenses,200113491.0,Manna Korean Restaurant,Austin Manna Restaurant LLC,6808 N Lamar Blvd,Austin,787523506,Temporarily Surrendered,BE,2023-12-14,original issue,2026-09-21,,,,,,strong,KOREA,,6808 LAMAR 78752 | MANNA
tabc_licenses,200206991.0,Manna Korean Restaurant,Austin Manna Restaurant LLC,6808 N Lamar Blvd,Austin,787523506,Active,MB,2026-09-21,original issue,2026-09-03,,,,,,strong,KOREA,,6808 LAMAR 78752 | MANNA
mixed_bev,MB200070310,POCHA IS BACK,"W & J KIM ENTERPRISE, INC.",6808 N LAMAR BLVD STE B110,AUSTIN,78752,reported 2022-09 to 2023-03,,2023-03-31,last receipts period,,,,,,,strong,POCHA,,6808 LAMAR 78752 | POCHA
mixed_bev,MB200089611,POCHA IS BACK,"J&H RYOO, LLC",6808 N LAMAR BLVD STE B110,AUSTIN,78752,reported 2023-03 to 2026-08,,2026-08-31,last receipts period,,,126783.0,2025-08 to 2026-08 (13 months),,,strong,POCHA,,6808 LAMAR 78752 | POCHA
sales_tax_permits,32087990498-1,POCHA IS BACK,"J&H RYOO, LLC",6808 N LAMAR BLVD STE B110,AUSTIN,78752,active permit,,2023-02-01,first sales,,722511,,,,,strong,POCHA,True,6808 LAMAR 78752 | POCHA
tabc_licenses,200070310.0,Pocha Is Back,W & J Kim Enterprise Inc.,6808 N Lamar Blvd Suite B110,Austin,78752,Expired - Original Required,MB,2022-09-09,original issue,2024-10-09,,,,,,strong,POCHA,,6808 LAMAR 78752 | POCHA
tabc_licenses,200089611.0,Pocha is Back,J & H Ryoo LLC,6808 N Lamar Blvd Suite B110,Austin,78752,Active,MB,2023-03-31,original issue,2025-04-04,,,,,,strong,POCHA,,6808 LAMAR 78752 | POCHA
tabc_licenses,106775416.0,BBQ CHICKEN,SJDJ LLC,6929 AIRPORT BLVD STE 158,Austin,786523618,Expired - Original Required,BG,2020-07-22,original issue,2022-08-21,,,,,,strong,BBQ CHICKEN,,6929 AIRPORT 78652 | BBQ
atx_inspections,12392976,BBQ Chicken,,"6929 Airport Blvd Ste 158 Austin, TX 78752-3618",AUSTIN,78752-3618,inspected 2024-09-25 to 2026-06-09,,2026-06-09,last inspection,,,,,30.33762,-97.71759,strong,BBQ CHICKEN,,6929 AIRPORT 78752 | BBQ
mixed_bev,MB200087341,BBQ CHICKEN,SJDJ LLC,6929 AIRPORT BLVD STE 158,AUSTIN,78752,reported 2020-12 to 2026-08,,2026-08-31,last receipts period,,,55097.0,2025-08 to 2026-08 (13 months),,,strong,BBQ CHICKEN,,6929 AIRPORT 78752 | BBQ
sales_tax_permits,32071566049-1,BBQ CHICKEN,SJDJ LLC,6929 AIRPORT BLVD STE 158,AUSTIN,78752,active permit,,2020-05-20,first sales,,722511,,,,,strong,BBQ CHICKEN,True,6929 AIRPORT 78752 | BBQ
tabc_licenses,106906443.0,BBQ CHICKEN,SJDJ LLC,6929 AIRPORT BLVD STE 158,Austin,787523618,Expired - Original Required,MB,2020-12-22,original issue,2023-01-21,,,,,,strong,BBQ CHICKEN,,6929 AIRPORT 78752 | BBQ
tabc_licenses,200087341.0,BBQ CHICKEN,SJDJ LLC,6929 Airport Blvd suite 158,Austin,78752,Active,MB,2023-04-06,original issue,2025-03-21,,,,,,strong,BBQ CHICKEN,,6929 AIRPORT 78752 | BBQ
atx_inspections,12395545,K BBQ,,"6929 Airport Blvd Ste 176 # Bunit Austin, TX 78752-3616",AUSTIN,78752-3616,inspected 2024-01-23 to 2026-08-06,,2026-08-06,last inspection,,,,,30.33762,-97.71759,strong,K BBQ,,6929 AIRPORT 78752 | K
mixed_bev,MB106937268,K BBQ,PAESR  ENTERPRISES  INC,6929 AIRPORT BLVD STE 176,AUSTIN,78752,reported 2020-12 to 2020-12,,2020-12-31,last receipts period,,,,,,,strong,K BBQ,,6929 AIRPORT 78752 | K
mixed_bev,MB1104645,K BBQ,PAESR  ENTERPRISES  INC,6929 AIRPORT BLVD STE 176,AUSTIN,78752,reported 2021-01 to 2026-08,,2026-08-31,last receipts period,,,177144.0,2025-08 to 2026-08 (13 months),,,strong,K BBQ,,6929 AIRPORT 78752 | K
sales_tax_permits,32053118777-3,K BBQ,PAESR  ENTERPRISES  INC,6929 AIRPORT BLVD STE 176,AUSTIN,78752,active permit,,2020-12-01,first sales,,722514,,,,,strong,K BBQ,True,6929 AIRPORT 78752 | K
tabc_licenses,106937268.0,K BBQ,PAESR ENTERPRISES INC.,6929 AIRPORT BLVD STE 176,Austin,787523616,Active,MB,2020-12-28,original issue,2025-01-08,,,,,,strong,K BBQ,,6929 AIRPORT 78752 | K
atx_inspections,12398119,Gang Nam Korean BBQ,,"701 E Stassney Ln Ste C Austin, TX 78745-3296",AUSTIN,78745-3296,inspected 2024-06-11 to 2025-10-01,,2025-10-01,last inspection,,,,,30.20033,-97.76889,strong,KOREA,,701 STASSNEY 78745 | GANG
mixed_bev,MB103041209,CHOSUN GALBI,JKP INVESTMENT CORP.,713 E HUNTLAND DR,AUSTIN,78752,reported 2011-12 to 2011-12,,2011-12-31,last receipts period,,,,,,,strong,GALBI,,713 HUNTLAND 78752 | CHOSUN
mixed_bev,MB714018,CHOSUN GALBI,M.B.SUE CORP.,713 E HUNTLAND DR,AUSTIN,78752,reported 2009-02 to 2012-01,,2012-01-31,last receipts period,,,,,,,strong,GALBI,,713 HUNTLAND 78752 | CHOSUN
mixed_bev,MB794778,CHOSUN GALBI,JKP INVESTMENT CORP.,713 E HUNTLAND DR,AUSTIN,78752,reported 2012-01 to 2024-01,,2024-01-31,last receipts period,,,,,,,strong,GALBI,,713 HUNTLAND 78752 | CHOSUN
tabc_licenses,103041209.0,CHOSUN GALBI,JKP INVESTMENT CORP.,713 E HUNTLAND,Austin,78752,Surrendered,MB,2012-01-12,original issue,2024-01-24,,,,,,strong,GALBI,,713 HUNTLAND 78752 | CHOSUN
sales_tax_permits,32103971076-1,KIM'S COZY CRUMB LLC,KIM'S COZY CRUMB LLC,715 UPPER ELGIN RIVER RD,ELGIN,78621,active permit,,2026-03-01,first sales,,311811,,,,,weak,KIM'S,True,715 UPPER 78621 | KIMS
mixed_bev,MB104478561,DWAEJI POCHA,M. J. TOGETHER INC.,9200 N LAMAR BLVD STE 101,AUSTIN,78753,reported 2015-10 to 2021-12,,2021-12-31,last receipts period,,,,,,,strong,POCHA,,9200 LAMAR 78753 | DWAEJI
tabc_licenses,104478561.0,DWAEJI POCHA,M. J. TOGETHER INC.,9200 N LAMAR BOULEVARD SUITE 101,Austin,78753,Surrendered,MB,2015-10-19,original issue,2022-03-18,,,,,,strong,POCHA,,9200 LAMAR 78753 | DWAEJI
mixed_bev,MB200042402,"HAPPY POCHA, INC","HAPPY POCHA, INC",9200 N LAMAR BLVD STE 101,AUSTIN,78753,reported 2021-12 to 2023-09,,2023-09-30,last receipts period,,,,,,,strong,POCHA,,9200 LAMAR 78753 | HAPPY
tabc_licenses,200042402.0,HAPPY POCHA INC,HAPPY POCHA INC.,9200 N Lamar Blvd,Austin,787534123,Surrendered,MB,2021-12-06,original issue,2023-09-27,,,,,,strong,POCHA,,9200 LAMAR 78753 | HAPPY
mixed_bev,MB200169547,GEN KOREAN BBQ HOUSE,"GEN AUSTIN SOUTHPARK MEADOWS, LLC",9500 S INTERSTATE 35 STE 95C,AUSTIN,78748,reported 2025-10 to 2026-08,,2026-08-31,last receipts period,,,0.0,2025-10 to 2026-08 (11 months),,,strong,GEN KOREAN,,9500 IH 78748 | GEN
sales_tax_permits,32096014579-2,GEN KOREAN BBQ HOUSE,"GEN AUSTIN SOUTHPARK MEADOWS, LLC",9500 S INTERSTATE 35 STE 95C,AUSTIN,78748,active permit,,2025-06-17,first sales,,722511,,,,,strong,GEN KOREAN,True,9500 IH 78748 | GEN
tabc_licenses,200169547.0,Gen Korean BBQ House,"Gen Austin Southpark Meadows, LLC",9500 S Interstate 35,Austin,78748,Active,MB,2025-10-01,original issue,2025-09-15,,,,,,strong,GEN KOREAN,,9500 IH 78748 | GEN
mixed_bev,MB106343849,SEOULJU,SEOULJU LLC,9515 N LAMAR BLVD STE 230,AUSTIN,78753,reported 2019-08 to 2019-08,,2019-08-31,last receipts period,,,,,,,strong,SEOUL,,9515 LAMAR 78753 | SEOULJU
mixed_bev,MB1064889,SEOULJU,SEOULJU LLC,9515 N LAMAR BLVD STE 230,AUSTIN,78753,reported 2019-09 to 2024-01,,2024-01-31,last receipts period,,,,,,,strong,SEOUL,,9515 LAMAR 78753 | SEOULJU
tabc_licenses,106343849.0,SEOULJU,SEOULJU LLC,9515 N LAMAR BOULEVARD SUITE 230,Austin,78753,Surrendered,MB,2019-08-23,original issue,2024-01-12,,,,,,strong,SEOUL,,9515 LAMAR 78753 | SEOULJU
atx_inspections,12396840,Chi'lantro - Brodie,,"9911 Brodie Ln Austin, TX 78748-5802",AUSTIN,78748-5802,inspected 2023-11-01 to 2026-06-23,,2026-06-23,last inspection,,,,,30.18452,-97.84859,strong,CHI'LANTRO,,9911 BRODIE 78748 | CHILANTRO
sales_tax_permits,32079222033-1,CHI'LANTRO - BRODIE LLC,CHI'LANTRO - BRODIE LLC,9911 BRODIE LN STE 650,AUSTIN,78748,active permit,,2021-08-31,first sales,,722513,,,,,strong,CHI'LANTRO,True,9911 BRODIE 78748 | CHILANTRO
