flow_g_s,dP_coil_kPa_coldmu,dP_coil_kPa_integrated,head_coil_cm,head_fittings_cm,submergence_cm,total_required_drop_cm
1.0,2.81,2.57,28.4,5.0,30.0,63.4
1.1,3.09,2.82,31.2,5.0,30.0,66.2
1.2,3.37,3.07,34.0,5.0,30.0,69.1
1.3,3.65,3.32,36.9,5.0,30.0,71.9
1.4,3.93,3.57,39.7,5.0,30.0,74.7
1.5,4.21,3.82,42.5,5.0,30.0,77.6
1.6,4.5,4.07,45.4,5.0,30.0,80.4
1.7,4.78,4.33,48.2,5.0,30.0,83.3
1.8,5.06,4.58,51.0,5.0,30.0,86.1
1.9,5.34,4.83,53.9,5.0,30.0,88.9
2.0,5.62,5.09,56.7,5.0,30.0,91.8
2.1,5.9,5.34,59.6,5.0,30.0,94.6
2.2,6.18,5.6,62.4,5.0,30.0,97.4
