session,replicate,matrix,assessor,williams_sequence,position,arm_code,blind_code,serve_temp_C,vessel
1,1,neat espresso,A01,5,1,AMB,474,65,"opaque black cup, lidded, black straw"
1,1,neat espresso,A01,5,2,PHE_AIR,917,65,"opaque black cup, lidded, black straw"
1,1,neat espresso,A01,5,3,HOTHOLD,241,65,"opaque black cup, lidded, black straw"
1,1,neat espresso,A01,5,4,PHE,261,65,"opaque black cup, lidded, black straw"
1,1,neat espresso,A01,5,5,FRESH,993,65,"opaque black cup, lidded, black straw"
1,1,neat espresso,A01,5,6,CRYO,856,65,"opaque black cup, lidded, black straw"
1,1,neat espresso,A02,3,1,PHE,261,65,"opaque black cup, lidded, black straw"
1,1,neat espresso,A02,3,2,CRYO,856,65,"opaque black cup, lidded, black straw"
1,1,neat espresso,A02,3,3,PHE_AIR,917,65,"opaque black cup, lidded, black straw"
1,1,neat espresso,A02,3,4,FRESH,993,65,"opaque black cup, lidded, black straw"
1,1,neat espresso,A02,3,5,AMB,474,65,"opaque black cup, lidded, black straw"
1,1,neat espresso,A02,3,6,HOTHOLD,241,65,"opaque black cup, lidded, black straw"
1,1,neat espresso,A03,1,1,FRESH,993,65,"opaque black cup, lidded, black straw"
1,1,neat espresso,A03,1,2,HOTHOLD,241,65,"opaque black cup, lidded, black straw"
1,1,neat espresso,A03,1,3,CRYO,856,65,"opaque black cup, lidded, black straw"
1,1,neat espresso,A03,1,4,AMB,474,65,"opaque black cup, lidded, black straw"
1,1,neat espresso,A03,1,5,PHE,261,65,"opaque black cup, lidded, black straw"
1,1,neat espresso,A03,1,6,PHE_AIR,917,65,"opaque black cup, lidded, black straw"
1,1,neat espresso,A04,1,1,FRESH,993,65,"opaque black cup, lidded, black straw"
1,1,neat espresso,A04,1,2,HOTHOLD,241,65,"opaque black cup, lidded, black straw"
1,1,neat espresso,A04,1,3,CRYO,856,65,"opaque black cup, lidded, black straw"
1,1,neat espresso,A04,1,4,AMB,474,65,"opaque black cup, lidded, black straw"
1,1,neat espresso,A04,1,5,PHE,261,65,"opaque black cup, lidded, black straw"
1,1,neat espresso,A04,1,6,PHE_AIR,917,65,"opaque black cup, lidded, black straw"
1,1,neat espresso,A05,4,1,PHE_AIR,917,65,"opaque black cup, lidded, black straw"
1,1,neat espresso,A05,4,2,PHE,261,65,"opaque black cup, lidded, black straw"
1,1,neat espresso,A05,4,3,AMB,474,65,"opaque black cup, lidded, black straw"
1,1,neat espresso,A05,4,4,CRYO,856,65,"opaque black cup, lidded, black straw"
1,1,neat espresso,A05,4,5,HOTHOLD,241,65,"opaque black cup, lidded, black straw"
1,1,neat espresso,A05,4,6,FRESH,993,65,"opaque black cup, lidded, black straw"
1,1,neat espresso,A06,5,1,AMB,474,65,"opaque black cup, lidded, black straw"
1,1,neat espresso,A06,5,2,PHE_AIR,917,65,"opaque black cup, lidded, black straw"
1,1,neat espresso,A06,5,3,HOTHOLD,241,65,"opaque black cup, lidded, black straw"
1,1,neat espresso,A06,5,4,PHE,261,65,"opaque black cup, lidded, black straw"
1,1,neat espresso,A06,5,5,FRESH,993,65,"opaque black cup, lidded, black straw"
1,1,neat espresso,A06,5,6,CRYO,856,65,"opaque black cup, lidded, black straw"
1,1,neat espresso,A07,3,1,PHE,261,65,"opaque black cup, lidded, black straw"
1,1,neat espresso,A07,3,2,CRYO,856,65,"opaque black cup, lidded, black straw"
1,1,neat espresso,A07,3,3,PHE_AIR,917,65,"opaque black cup, lidded, black straw"
1,1,neat espresso,A07,3,4,FRESH,993,65,"opaque black cup, lidded, black straw"
1,1,neat espresso,A07,3,5,AMB,474,65,"opaque black cup, lidded, black straw"
1,1,neat espresso,A07,3,6,HOTHOLD,241,65,"opaque black cup, lidded, black straw"
1,1,neat espresso,A08,4,1,PHE_AIR,917,65,"opaque black cup, lidded, black straw"
1,1,neat espresso,A08,4,2,PHE,261,65,"opaque black cup, lidded, black straw"
1,1,neat espresso,A08,4,3,AMB,474,65,"opaque black cup, lidded, black straw"
1,1,neat espresso,A08,4,4,CRYO,856,65,"opaque black cup, lidded, black straw"
1,1,neat espresso,A08,4,5,HOTHOLD,241,65,"opaque black cup, lidded, black straw"
1,1,neat espresso,A08,4,6,FRESH,993,65,"opaque black cup, lidded, black straw"
1,1,neat espresso,A09,6,1,HOTHOLD,241,65,"opaque black cup, lidded, black straw"
1,1,neat espresso,A09,6,2,AMB,474,65,"opaque black cup, lidded, black straw"
1,1,neat espresso,A09,6,3,FRESH,993,65,"opaque black cup, lidded, black straw"
1,1,neat espresso,A09,6,4,PHE_AIR,917,65,"opaque black cup, lidded, black straw"
1,1,neat espresso,A09,6,5,CRYO,856,65,"opaque black cup, lidded, black straw"
1,1,neat espresso,A09,6,6,PHE,261,65,"opaque black cup, lidded, black straw"
1,1,neat espresso,A10,2,1,CRYO,856,65,"opaque black cup, lidded, black straw"
1,1,neat espresso,A10,2,2,FRESH,993,65,"opaque black cup, lidded, black straw"
1,1,neat espresso,A10,2,3,PHE,261,65,"opaque black cup, lidded, black straw"
1,1,neat espresso,A10,2,4,HOTHOLD,241,65,"opaque black cup, lidded, black straw"
1,1,neat espresso,A10,2,5,PHE_AIR,917,65,"opaque black cup, lidded, black straw"
1,1,neat espresso,A10,2,6,AMB,474,65,"opaque black cup, lidded, black straw"
1,1,neat espresso,A11,2,1,CRYO,856,65,"opaque black cup, lidded, black straw"
1,1,neat espresso,A11,2,2,FRESH,993,65,"opaque black cup, lidded, black straw"
1,1,neat espresso,A11,2,3,PHE,261,65,"opaque black cup, lidded, black straw"
1,1,neat espresso,A11,2,4,HOTHOLD,241,65,"opaque black cup, lidded, black straw"
1,1,neat espresso,A11,2,5,PHE_AIR,917,65,"opaque black cup, lidded, black straw"
1,1,neat espresso,A11,2,6,AMB,474,65,"opaque black cup, lidded, black straw"
1,1,neat espresso,A12,6,1,HOTHOLD,241,65,"opaque black cup, lidded, black straw"
1,1,neat espresso,A12,6,2,AMB,474,65,"opaque black cup, lidded, black straw"
1,1,neat espresso,A12,6,3,FRESH,993,65,"opaque black cup, lidded, black straw"
1,1,neat espresso,A12,6,4,PHE_AIR,917,65,"opaque black cup, lidded, black straw"
1,1,neat espresso,A12,6,5,CRYO,856,65,"opaque black cup, lidded, black straw"
1,1,neat espresso,A12,6,6,PHE,261,65,"opaque black cup, lidded, black straw"
2,1,6 oz flat white,A01,5,1,AMB,281,62,"opaque black cup, lidded, black straw"
2,1,6 oz flat white,A01,5,2,PHE_AIR,514,62,"opaque black cup, lidded, black straw"
2,1,6 oz flat white,A01,5,3,HOTHOLD,227,62,"opaque black cup, lidded, black straw"
2,1,6 oz flat white,A01,5,4,PHE,903,62,"opaque black cup, lidded, black straw"
2,1,6 oz flat white,A01,5,5,FRESH,810,62,"opaque black cup, lidded, black straw"
2,1,6 oz flat white,A01,5,6,CRYO,808,62,"opaque black cup, lidded, black straw"
2,1,6 oz flat white,A02,5,1,AMB,281,62,"opaque black cup, lidded, black straw"
2,1,6 oz flat white,A02,5,2,PHE_AIR,514,62,"opaque black cup, lidded, black straw"
2,1,6 oz flat white,A02,5,3,HOTHOLD,227,62,"opaque black cup, lidded, black straw"
2,1,6 oz flat white,A02,5,4,PHE,903,62,"opaque black cup, lidded, black straw"
2,1,6 oz flat white,A02,5,5,FRESH,810,62,"opaque black cup, lidded, black straw"
2,1,6 oz flat white,A02,5,6,CRYO,808,62,"opaque black cup, lidded, black straw"
2,1,6 oz flat white,A03,6,1,HOTHOLD,227,62,"opaque black cup, lidded, black straw"
2,1,6 oz flat white,A03,6,2,AMB,281,62,"opaque black cup, lidded, black straw"
2,1,6 oz flat white,A03,6,3,FRESH,810,62,"opaque black cup, lidded, black straw"
2,1,6 oz flat white,A03,6,4,PHE_AIR,514,62,"opaque black cup, lidded, black straw"
2,1,6 oz flat white,A03,6,5,CRYO,808,62,"opaque black cup, lidded, black straw"
2,1,6 oz flat white,A03,6,6,PHE,903,62,"opaque black cup, lidded, black straw"
2,1,6 oz flat white,A04,1,1,FRESH,810,62,"opaque black cup, lidded, black straw"
2,1,6 oz flat white,A04,1,2,HOTHOLD,227,62,"opaque black cup, lidded, black straw"
2,1,6 oz flat white,A04,1,3,CRYO,808,62,"opaque black cup, lidded, black straw"
2,1,6 oz flat white,A04,1,4,AMB,281,62,"opaque black cup, lidded, black straw"
2,1,6 oz flat white,A04,1,5,PHE,903,62,"opaque black cup, lidded, black straw"
2,1,6 oz flat white,A04,1,6,PHE_AIR,514,62,"opaque black cup, lidded, black straw"
2,1,6 oz flat white,A05,1,1,FRESH,810,62,"opaque black cup, lidded, black straw"
2,1,6 oz flat white,A05,1,2,HOTHOLD,227,62,"opaque black cup, lidded, black straw"
2,1,6 oz flat white,A05,1,3,CRYO,808,62,"opaque black cup, lidded, black straw"
2,1,6 oz flat white,A05,1,4,AMB,281,62,"opaque black cup, lidded, black straw"
2,1,6 oz flat white,A05,1,5,PHE,903,62,"opaque black cup, lidded, black straw"
2,1,6 oz flat white,A05,1,6,PHE_AIR,514,62,"opaque black cup, lidded, black straw"
2,1,6 oz flat white,A06,3,1,PHE,903,62,"opaque black cup, lidded, black straw"
2,1,6 oz flat white,A06,3,2,CRYO,808,62,"opaque black cup, lidded, black straw"
2,1,6 oz flat white,A06,3,3,PHE_AIR,514,62,"opaque black cup, lidded, black straw"
2,1,6 oz flat white,A06,3,4,FRESH,810,62,"opaque black cup, lidded, black straw"
2,1,6 oz flat white,A06,3,5,AMB,281,62,"opaque black cup, lidded, black straw"
2,1,6 oz flat white,A06,3,6,HOTHOLD,227,62,"opaque black cup, lidded, black straw"
2,1,6 oz flat white,A07,2,1,CRYO,808,62,"opaque black cup, lidded, black straw"
2,1,6 oz flat white,A07,2,2,FRESH,810,62,"opaque black cup, lidded, black straw"
2,1,6 oz flat white,A07,2,3,PHE,903,62,"opaque black cup, lidded, black straw"
2,1,6 oz flat white,A07,2,4,HOTHOLD,227,62,"opaque black cup, lidded, black straw"
2,1,6 oz flat white,A07,2,5,PHE_AIR,514,62,"opaque black cup, lidded, black straw"
2,1,6 oz flat white,A07,2,6,AMB,281,62,"opaque black cup, lidded, black straw"
2,1,6 oz flat white,A08,4,1,PHE_AIR,514,62,"opaque black cup, lidded, black straw"
2,1,6 oz flat white,A08,4,2,PHE,903,62,"opaque black cup, lidded, black straw"
2,1,6 oz flat white,A08,4,3,AMB,281,62,"opaque black cup, lidded, black straw"
2,1,6 oz flat white,A08,4,4,CRYO,808,62,"opaque black cup, lidded, black straw"
2,1,6 oz flat white,A08,4,5,HOTHOLD,227,62,"opaque black cup, lidded, black straw"
2,1,6 oz flat white,A08,4,6,FRESH,810,62,"opaque black cup, lidded, black straw"
2,1,6 oz flat white,A09,6,1,HOTHOLD,227,62,"opaque black cup, lidded, black straw"
2,1,6 oz flat white,A09,6,2,AMB,281,62,"opaque black cup, lidded, black straw"
2,1,6 oz flat white,A09,6,3,FRESH,810,62,"opaque black cup, lidded, black straw"
2,1,6 oz flat white,A09,6,4,PHE_AIR,514,62,"opaque black cup, lidded, black straw"
2,1,6 oz flat white,A09,6,5,CRYO,808,62,"opaque black cup, lidded, black straw"
2,1,6 oz flat white,A09,6,6,PHE,903,62,"opaque black cup, lidded, black straw"
2,1,6 oz flat white,A10,4,1,PHE_AIR,514,62,"opaque black cup, lidded, black straw"
2,1,6 oz flat white,A10,4,2,PHE,903,62,"opaque black cup, lidded, black straw"
2,1,6 oz flat white,A10,4,3,AMB,281,62,"opaque black cup, lidded, black straw"
2,1,6 oz flat white,A10,4,4,CRYO,808,62,"opaque black cup, lidded, black straw"
2,1,6 oz flat white,A10,4,5,HOTHOLD,227,62,"opaque black cup, lidded, black straw"
2,1,6 oz flat white,A10,4,6,FRESH,810,62,"opaque black cup, lidded, black straw"
2,1,6 oz flat white,A11,2,1,CRYO,808,62,"opaque black cup, lidded, black straw"
2,1,6 oz flat white,A11,2,2,FRESH,810,62,"opaque black cup, lidded, black straw"
2,1,6 oz flat white,A11,2,3,PHE,903,62,"opaque black cup, lidded, black straw"
2,1,6 oz flat white,A11,2,4,HOTHOLD,227,62,"opaque black cup, lidded, black straw"
2,1,6 oz flat white,A11,2,5,PHE_AIR,514,62,"opaque black cup, lidded, black straw"
2,1,6 oz flat white,A11,2,6,AMB,281,62,"opaque black cup, lidded, black straw"
2,1,6 oz flat white,A12,3,1,PHE,903,62,"opaque black cup, lidded, black straw"
2,1,6 oz flat white,A12,3,2,CRYO,808,62,"opaque black cup, lidded, black straw"
2,1,6 oz flat white,A12,3,3,PHE_AIR,514,62,"opaque black cup, lidded, black straw"
2,1,6 oz flat white,A12,3,4,FRESH,810,62,"opaque black cup, lidded, black straw"
2,1,6 oz flat white,A12,3,5,AMB,281,62,"opaque black cup, lidded, black straw"
2,1,6 oz flat white,A12,3,6,HOTHOLD,227,62,"opaque black cup, lidded, black straw"
3,1,iced americano,A01,5,1,AMB,942,4,"opaque black cup, lidded, black straw"
3,1,iced americano,A01,5,2,PHE_AIR,613,4,"opaque black cup, lidded, black straw"
3,1,iced americano,A01,5,3,HOTHOLD,913,4,"opaque black cup, lidded, black straw"
3,1,iced americano,A01,5,4,PHE,517,4,"opaque black cup, lidded, black straw"
3,1,iced americano,A01,5,5,FRESH,187,4,"opaque black cup, lidded, black straw"
3,1,iced americano,A01,5,6,CRYO,374,4,"opaque black cup, lidded, black straw"
3,1,iced americano,A02,1,1,FRESH,187,4,"opaque black cup, lidded, black straw"
3,1,iced americano,A02,1,2,HOTHOLD,913,4,"opaque black cup, lidded, black straw"
3,1,iced americano,A02,1,3,CRYO,374,4,"opaque black cup, lidded, black straw"
3,1,iced americano,A02,1,4,AMB,942,4,"opaque black cup, lidded, black straw"
3,1,iced americano,A02,1,5,PHE,517,4,"opaque black cup, lidded, black straw"
3,1,iced americano,A02,1,6,PHE_AIR,613,4,"opaque black cup, lidded, black straw"
3,1,iced americano,A03,4,1,PHE_AIR,613,4,"opaque black cup, lidded, black straw"
3,1,iced americano,A03,4,2,PHE,517,4,"opaque black cup, lidded, black straw"
3,1,iced americano,A03,4,3,AMB,942,4,"opaque black cup, lidded, black straw"
3,1,iced americano,A03,4,4,CRYO,374,4,"opaque black cup, lidded, black straw"
3,1,iced americano,A03,4,5,HOTHOLD,913,4,"opaque black cup, lidded, black straw"
3,1,iced americano,A03,4,6,FRESH,187,4,"opaque black cup, lidded, black straw"
3,1,iced americano,A04,2,1,CRYO,374,4,"opaque black cup, lidded, black straw"
3,1,iced americano,A04,2,2,FRESH,187,4,"opaque black cup, lidded, black straw"
3,1,iced americano,A04,2,3,PHE,517,4,"opaque black cup, lidded, black straw"
3,1,iced americano,A04,2,4,HOTHOLD,913,4,"opaque black cup, lidded, black straw"
3,1,iced americano,A04,2,5,PHE_AIR,613,4,"opaque black cup, lidded, black straw"
3,1,iced americano,A04,2,6,AMB,942,4,"opaque black cup, lidded, black straw"
3,1,iced americano,A05,3,1,PHE,517,4,"opaque black cup, lidded, black straw"
3,1,iced americano,A05,3,2,CRYO,374,4,"opaque black cup, lidded, black straw"
3,1,iced americano,A05,3,3,PHE_AIR,613,4,"opaque black cup, lidded, black straw"
3,1,iced americano,A05,3,4,FRESH,187,4,"opaque black cup, lidded, black straw"
3,1,iced americano,A05,3,5,AMB,942,4,"opaque black cup, lidded, black straw"
3,1,iced americano,A05,3,6,HOTHOLD,913,4,"opaque black cup, lidded, black straw"
3,1,iced americano,A06,4,1,PHE_AIR,613,4,"opaque black cup, lidded, black straw"
3,1,iced americano,A06,4,2,PHE,517,4,"opaque black cup, lidded, black straw"
3,1,iced americano,A06,4,3,AMB,942,4,"opaque black cup, lidded, black straw"
3,1,iced americano,A06,4,4,CRYO,374,4,"opaque black cup, lidded, black straw"
3,1,iced americano,A06,4,5,HOTHOLD,913,4,"opaque black cup, lidded, black straw"
3,1,iced americano,A06,4,6,FRESH,187,4,"opaque black cup, lidded, black straw"
3,1,iced americano,A07,6,1,HOTHOLD,913,4,"opaque black cup, lidded, black straw"
3,1,iced americano,A07,6,2,AMB,942,4,"opaque black cup, lidded, black straw"
3,1,iced americano,A07,6,3,FRESH,187,4,"opaque black cup, lidded, black straw"
3,1,iced americano,A07,6,4,PHE_AIR,613,4,"opaque black cup, lidded, black straw"
3,1,iced americano,A07,6,5,CRYO,374,4,"opaque black cup, lidded, black straw"
3,1,iced americano,A07,6,6,PHE,517,4,"opaque black cup, lidded, black straw"
3,1,iced americano,A08,1,1,FRESH,187,4,"opaque black cup, lidded, black straw"
3,1,iced americano,A08,1,2,HOTHOLD,913,4,"opaque black cup, lidded, black straw"
3,1,iced americano,A08,1,3,CRYO,374,4,"opaque black cup, lidded, black straw"
3,1,iced americano,A08,1,4,AMB,942,4,"opaque black cup, lidded, black straw"
3,1,iced americano,A08,1,5,PHE,517,4,"opaque black cup, lidded, black straw"
3,1,iced americano,A08,1,6,PHE_AIR,613,4,"opaque black cup, lidded, black straw"
3,1,iced americano,A09,3,1,PHE,517,4,"opaque black cup, lidded, black straw"
3,1,iced americano,A09,3,2,CRYO,374,4,"opaque black cup, lidded, black straw"
3,1,iced americano,A09,3,3,PHE_AIR,613,4,"opaque black cup, lidded, black straw"
3,1,iced americano,A09,3,4,FRESH,187,4,"opaque black cup, lidded, black straw"
3,1,iced americano,A09,3,5,AMB,942,4,"opaque black cup, lidded, black straw"
3,1,iced americano,A09,3,6,HOTHOLD,913,4,"opaque black cup, lidded, black straw"
3,1,iced americano,A10,2,1,CRYO,374,4,"opaque black cup, lidded, black straw"
3,1,iced americano,A10,2,2,FRESH,187,4,"opaque black cup, lidded, black straw"
3,1,iced americano,A10,2,3,PHE,517,4,"opaque black cup, lidded, black straw"
3,1,iced americano,A10,2,4,HOTHOLD,913,4,"opaque black cup, lidded, black straw"
3,1,iced americano,A10,2,5,PHE_AIR,613,4,"opaque black cup, lidded, black straw"
3,1,iced americano,A10,2,6,AMB,942,4,"opaque black cup, lidded, black straw"
3,1,iced americano,A11,5,1,AMB,942,4,"opaque black cup, lidded, black straw"
3,1,iced americano,A11,5,2,PHE_AIR,613,4,"opaque black cup, lidded, black straw"
3,1,iced americano,A11,5,3,HOTHOLD,913,4,"opaque black cup, lidded, black straw"
3,1,iced americano,A11,5,4,PHE,517,4,"opaque black cup, lidded, black straw"
3,1,iced americano,A11,5,5,FRESH,187,4,"opaque black cup, lidded, black straw"
3,1,iced americano,A11,5,6,CRYO,374,4,"opaque black cup, lidded, black straw"
3,1,iced americano,A12,6,1,HOTHOLD,913,4,"opaque black cup, lidded, black straw"
3,1,iced americano,A12,6,2,AMB,942,4,"opaque black cup, lidded, black straw"
3,1,iced americano,A12,6,3,FRESH,187,4,"opaque black cup, lidded, black straw"
3,1,iced americano,A12,6,4,PHE_AIR,613,4,"opaque black cup, lidded, black straw"
3,1,iced americano,A12,6,5,CRYO,374,4,"opaque black cup, lidded, black straw"
3,1,iced americano,A12,6,6,PHE,517,4,"opaque black cup, lidded, black straw"
4,2,neat espresso,A01,3,1,PHE,679,65,"opaque black cup, lidded, black straw"
4,2,neat espresso,A01,3,2,CRYO,778,65,"opaque black cup, lidded, black straw"
4,2,neat espresso,A01,3,3,PHE_AIR,438,65,"opaque black cup, lidded, black straw"
4,2,neat espresso,A01,3,4,FRESH,475,65,"opaque black cup, lidded, black straw"
4,2,neat espresso,A01,3,5,AMB,331,65,"opaque black cup, lidded, black straw"
4,2,neat espresso,A01,3,6,HOTHOLD,725,65,"opaque black cup, lidded, black straw"
4,2,neat espresso,A02,4,1,PHE_AIR,438,65,"opaque black cup, lidded, black straw"
4,2,neat espresso,A02,4,2,PHE,679,65,"opaque black cup, lidded, black straw"
4,2,neat espresso,A02,4,3,AMB,331,65,"opaque black cup, lidded, black straw"
4,2,neat espresso,A02,4,4,CRYO,778,65,"opaque black cup, lidded, black straw"
4,2,neat espresso,A02,4,5,HOTHOLD,725,65,"opaque black cup, lidded, black straw"
4,2,neat espresso,A02,4,6,FRESH,475,65,"opaque black cup, lidded, black straw"
4,2,neat espresso,A03,5,1,AMB,331,65,"opaque black cup, lidded, black straw"
4,2,neat espresso,A03,5,2,PHE_AIR,438,65,"opaque black cup, lidded, black straw"
4,2,neat espresso,A03,5,3,HOTHOLD,725,65,"opaque black cup, lidded, black straw"
4,2,neat espresso,A03,5,4,PHE,679,65,"opaque black cup, lidded, black straw"
4,2,neat espresso,A03,5,5,FRESH,475,65,"opaque black cup, lidded, black straw"
4,2,neat espresso,A03,5,6,CRYO,778,65,"opaque black cup, lidded, black straw"
4,2,neat espresso,A04,4,1,PHE_AIR,438,65,"opaque black cup, lidded, black straw"
4,2,neat espresso,A04,4,2,PHE,679,65,"opaque black cup, lidded, black straw"
4,2,neat espresso,A04,4,3,AMB,331,65,"opaque black cup, lidded, black straw"
4,2,neat espresso,A04,4,4,CRYO,778,65,"opaque black cup, lidded, black straw"
4,2,neat espresso,A04,4,5,HOTHOLD,725,65,"opaque black cup, lidded, black straw"
4,2,neat espresso,A04,4,6,FRESH,475,65,"opaque black cup, lidded, black straw"
4,2,neat espresso,A05,2,1,CRYO,778,65,"opaque black cup, lidded, black straw"
4,2,neat espresso,A05,2,2,FRESH,475,65,"opaque black cup, lidded, black straw"
4,2,neat espresso,A05,2,3,PHE,679,65,"opaque black cup, lidded, black straw"
4,2,neat espresso,A05,2,4,HOTHOLD,725,65,"opaque black cup, lidded, black straw"
4,2,neat espresso,A05,2,5,PHE_AIR,438,65,"opaque black cup, lidded, black straw"
4,2,neat espresso,A05,2,6,AMB,331,65,"opaque black cup, lidded, black straw"
4,2,neat espresso,A06,3,1,PHE,679,65,"opaque black cup, lidded, black straw"
4,2,neat espresso,A06,3,2,CRYO,778,65,"opaque black cup, lidded, black straw"
4,2,neat espresso,A06,3,3,PHE_AIR,438,65,"opaque black cup, lidded, black straw"
4,2,neat espresso,A06,3,4,FRESH,475,65,"opaque black cup, lidded, black straw"
4,2,neat espresso,A06,3,5,AMB,331,65,"opaque black cup, lidded, black straw"
4,2,neat espresso,A06,3,6,HOTHOLD,725,65,"opaque black cup, lidded, black straw"
4,2,neat espresso,A07,5,1,AMB,331,65,"opaque black cup, lidded, black straw"
4,2,neat espresso,A07,5,2,PHE_AIR,438,65,"opaque black cup, lidded, black straw"
4,2,neat espresso,A07,5,3,HOTHOLD,725,65,"opaque black cup, lidded, black straw"
4,2,neat espresso,A07,5,4,PHE,679,65,"opaque black cup, lidded, black straw"
4,2,neat espresso,A07,5,5,FRESH,475,65,"opaque black cup, lidded, black straw"
4,2,neat espresso,A07,5,6,CRYO,778,65,"opaque black cup, lidded, black straw"
4,2,neat espresso,A08,1,1,FRESH,475,65,"opaque black cup, lidded, black straw"
4,2,neat espresso,A08,1,2,HOTHOLD,725,65,"opaque black cup, lidded, black straw"
4,2,neat espresso,A08,1,3,CRYO,778,65,"opaque black cup, lidded, black straw"
4,2,neat espresso,A08,1,4,AMB,331,65,"opaque black cup, lidded, black straw"
4,2,neat espresso,A08,1,5,PHE,679,65,"opaque black cup, lidded, black straw"
4,2,neat espresso,A08,1,6,PHE_AIR,438,65,"opaque black cup, lidded, black straw"
4,2,neat espresso,A09,2,1,CRYO,778,65,"opaque black cup, lidded, black straw"
4,2,neat espresso,A09,2,2,FRESH,475,65,"opaque black cup, lidded, black straw"
4,2,neat espresso,A09,2,3,PHE,679,65,"opaque black cup, lidded, black straw"
4,2,neat espresso,A09,2,4,HOTHOLD,725,65,"opaque black cup, lidded, black straw"
4,2,neat espresso,A09,2,5,PHE_AIR,438,65,"opaque black cup, lidded, black straw"
4,2,neat espresso,A09,2,6,AMB,331,65,"opaque black cup, lidded, black straw"
4,2,neat espresso,A10,1,1,FRESH,475,65,"opaque black cup, lidded, black straw"
4,2,neat espresso,A10,1,2,HOTHOLD,725,65,"opaque black cup, lidded, black straw"
4,2,neat espresso,A10,1,3,CRYO,778,65,"opaque black cup, lidded, black straw"
4,2,neat espresso,A10,1,4,AMB,331,65,"opaque black cup, lidded, black straw"
4,2,neat espresso,A10,1,5,PHE,679,65,"opaque black cup, lidded, black straw"
4,2,neat espresso,A10,1,6,PHE_AIR,438,65,"opaque black cup, lidded, black straw"
4,2,neat espresso,A11,6,1,HOTHOLD,725,65,"opaque black cup, lidded, black straw"
4,2,neat espresso,A11,6,2,AMB,331,65,"opaque black cup, lidded, black straw"
4,2,neat espresso,A11,6,3,FRESH,475,65,"opaque black cup, lidded, black straw"
4,2,neat espresso,A11,6,4,PHE_AIR,438,65,"opaque black cup, lidded, black straw"
4,2,neat espresso,A11,6,5,CRYO,778,65,"opaque black cup, lidded, black straw"
4,2,neat espresso,A11,6,6,PHE,679,65,"opaque black cup, lidded, black straw"
4,2,neat espresso,A12,6,1,HOTHOLD,725,65,"opaque black cup, lidded, black straw"
4,2,neat espresso,A12,6,2,AMB,331,65,"opaque black cup, lidded, black straw"
4,2,neat espresso,A12,6,3,FRESH,475,65,"opaque black cup, lidded, black straw"
4,2,neat espresso,A12,6,4,PHE_AIR,438,65,"opaque black cup, lidded, black straw"
4,2,neat espresso,A12,6,5,CRYO,778,65,"opaque black cup, lidded, black straw"
4,2,neat espresso,A12,6,6,PHE,679,65,"opaque black cup, lidded, black straw"
5,2,6 oz flat white,A01,4,1,PHE_AIR,288,62,"opaque black cup, lidded, black straw"
5,2,6 oz flat white,A01,4,2,PHE,815,62,"opaque black cup, lidded, black straw"
5,2,6 oz flat white,A01,4,3,AMB,121,62,"opaque black cup, lidded, black straw"
5,2,6 oz flat white,A01,4,4,CRYO,136,62,"opaque black cup, lidded, black straw"
5,2,6 oz flat white,A01,4,5,HOTHOLD,758,62,"opaque black cup, lidded, black straw"
5,2,6 oz flat white,A01,4,6,FRESH,112,62,"opaque black cup, lidded, black straw"
5,2,6 oz flat white,A02,3,1,PHE,815,62,"opaque black cup, lidded, black straw"
5,2,6 oz flat white,A02,3,2,CRYO,136,62,"opaque black cup, lidded, black straw"
5,2,6 oz flat white,A02,3,3,PHE_AIR,288,62,"opaque black cup, lidded, black straw"
5,2,6 oz flat white,A02,3,4,FRESH,112,62,"opaque black cup, lidded, black straw"
5,2,6 oz flat white,A02,3,5,AMB,121,62,"opaque black cup, lidded, black straw"
5,2,6 oz flat white,A02,3,6,HOTHOLD,758,62,"opaque black cup, lidded, black straw"
5,2,6 oz flat white,A03,2,1,CRYO,136,62,"opaque black cup, lidded, black straw"
5,2,6 oz flat white,A03,2,2,FRESH,112,62,"opaque black cup, lidded, black straw"
5,2,6 oz flat white,A03,2,3,PHE,815,62,"opaque black cup, lidded, black straw"
5,2,6 oz flat white,A03,2,4,HOTHOLD,758,62,"opaque black cup, lidded, black straw"
5,2,6 oz flat white,A03,2,5,PHE_AIR,288,62,"opaque black cup, lidded, black straw"
5,2,6 oz flat white,A03,2,6,AMB,121,62,"opaque black cup, lidded, black straw"
5,2,6 oz flat white,A04,2,1,CRYO,136,62,"opaque black cup, lidded, black straw"
5,2,6 oz flat white,A04,2,2,FRESH,112,62,"opaque black cup, lidded, black straw"
5,2,6 oz flat white,A04,2,3,PHE,815,62,"opaque black cup, lidded, black straw"
5,2,6 oz flat white,A04,2,4,HOTHOLD,758,62,"opaque black cup, lidded, black straw"
5,2,6 oz flat white,A04,2,5,PHE_AIR,288,62,"opaque black cup, lidded, black straw"
5,2,6 oz flat white,A04,2,6,AMB,121,62,"opaque black cup, lidded, black straw"
5,2,6 oz flat white,A05,5,1,AMB,121,62,"opaque black cup, lidded, black straw"
5,2,6 oz flat white,A05,5,2,PHE_AIR,288,62,"opaque black cup, lidded, black straw"
5,2,6 oz flat white,A05,5,3,HOTHOLD,758,62,"opaque black cup, lidded, black straw"
5,2,6 oz flat white,A05,5,4,PHE,815,62,"opaque black cup, lidded, black straw"
5,2,6 oz flat white,A05,5,5,FRESH,112,62,"opaque black cup, lidded, black straw"
5,2,6 oz flat white,A05,5,6,CRYO,136,62,"opaque black cup, lidded, black straw"
5,2,6 oz flat white,A06,1,1,FRESH,112,62,"opaque black cup, lidded, black straw"
5,2,6 oz flat white,A06,1,2,HOTHOLD,758,62,"opaque black cup, lidded, black straw"
5,2,6 oz flat white,A06,1,3,CRYO,136,62,"opaque black cup, lidded, black straw"
5,2,6 oz flat white,A06,1,4,AMB,121,62,"opaque black cup, lidded, black straw"
5,2,6 oz flat white,A06,1,5,PHE,815,62,"opaque black cup, lidded, black straw"
5,2,6 oz flat white,A06,1,6,PHE_AIR,288,62,"opaque black cup, lidded, black straw"
5,2,6 oz flat white,A07,3,1,PHE,815,62,"opaque black cup, lidded, black straw"
5,2,6 oz flat white,A07,3,2,CRYO,136,62,"opaque black cup, lidded, black straw"
5,2,6 oz flat white,A07,3,3,PHE_AIR,288,62,"opaque black cup, lidded, black straw"
5,2,6 oz flat white,A07,3,4,FRESH,112,62,"opaque black cup, lidded, black straw"
5,2,6 oz flat white,A07,3,5,AMB,121,62,"opaque black cup, lidded, black straw"
5,2,6 oz flat white,A07,3,6,HOTHOLD,758,62,"opaque black cup, lidded, black straw"
5,2,6 oz flat white,A08,1,1,FRESH,112,62,"opaque black cup, lidded, black straw"
5,2,6 oz flat white,A08,1,2,HOTHOLD,758,62,"opaque black cup, lidded, black straw"
5,2,6 oz flat white,A08,1,3,CRYO,136,62,"opaque black cup, lidded, black straw"
5,2,6 oz flat white,A08,1,4,AMB,121,62,"opaque black cup, lidded, black straw"
5,2,6 oz flat white,A08,1,5,PHE,815,62,"opaque black cup, lidded, black straw"
5,2,6 oz flat white,A08,1,6,PHE_AIR,288,62,"opaque black cup, lidded, black straw"
5,2,6 oz flat white,A09,5,1,AMB,121,62,"opaque black cup, lidded, black straw"
5,2,6 oz flat white,A09,5,2,PHE_AIR,288,62,"opaque black cup, lidded, black straw"
5,2,6 oz flat white,A09,5,3,HOTHOLD,758,62,"opaque black cup, lidded, black straw"
5,2,6 oz flat white,A09,5,4,PHE,815,62,"opaque black cup, lidded, black straw"
5,2,6 oz flat white,A09,5,5,FRESH,112,62,"opaque black cup, lidded, black straw"
5,2,6 oz flat white,A09,5,6,CRYO,136,62,"opaque black cup, lidded, black straw"
5,2,6 oz flat white,A10,6,1,HOTHOLD,758,62,"opaque black cup, lidded, black straw"
5,2,6 oz flat white,A10,6,2,AMB,121,62,"opaque black cup, lidded, black straw"
5,2,6 oz flat white,A10,6,3,FRESH,112,62,"opaque black cup, lidded, black straw"
5,2,6 oz flat white,A10,6,4,PHE_AIR,288,62,"opaque black cup, lidded, black straw"
5,2,6 oz flat white,A10,6,5,CRYO,136,62,"opaque black cup, lidded, black straw"
5,2,6 oz flat white,A10,6,6,PHE,815,62,"opaque black cup, lidded, black straw"
5,2,6 oz flat white,A11,6,1,HOTHOLD,758,62,"opaque black cup, lidded, black straw"
5,2,6 oz flat white,A11,6,2,AMB,121,62,"opaque black cup, lidded, black straw"
5,2,6 oz flat white,A11,6,3,FRESH,112,62,"opaque black cup, lidded, black straw"
5,2,6 oz flat white,A11,6,4,PHE_AIR,288,62,"opaque black cup, lidded, black straw"
5,2,6 oz flat white,A11,6,5,CRYO,136,62,"opaque black cup, lidded, black straw"
5,2,6 oz flat white,A11,6,6,PHE,815,62,"opaque black cup, lidded, black straw"
5,2,6 oz flat white,A12,4,1,PHE_AIR,288,62,"opaque black cup, lidded, black straw"
5,2,6 oz flat white,A12,4,2,PHE,815,62,"opaque black cup, lidded, black straw"
5,2,6 oz flat white,A12,4,3,AMB,121,62,"opaque black cup, lidded, black straw"
5,2,6 oz flat white,A12,4,4,CRYO,136,62,"opaque black cup, lidded, black straw"
5,2,6 oz flat white,A12,4,5,HOTHOLD,758,62,"opaque black cup, lidded, black straw"
5,2,6 oz flat white,A12,4,6,FRESH,112,62,"opaque black cup, lidded, black straw"
6,2,iced americano,A01,6,1,HOTHOLD,593,4,"opaque black cup, lidded, black straw"
6,2,iced americano,A01,6,2,AMB,546,4,"opaque black cup, lidded, black straw"
6,2,iced americano,A01,6,3,FRESH,385,4,"opaque black cup, lidded, black straw"
6,2,iced americano,A01,6,4,PHE_AIR,467,4,"opaque black cup, lidded, black straw"
6,2,iced americano,A01,6,5,CRYO,867,4,"opaque black cup, lidded, black straw"
6,2,iced americano,A01,6,6,PHE,128,4,"opaque black cup, lidded, black straw"
6,2,iced americano,A02,5,1,AMB,546,4,"opaque black cup, lidded, black straw"
6,2,iced americano,A02,5,2,PHE_AIR,467,4,"opaque black cup, lidded, black straw"
6,2,iced americano,A02,5,3,HOTHOLD,593,4,"opaque black cup, lidded, black straw"
6,2,iced americano,A02,5,4,PHE,128,4,"opaque black cup, lidded, black straw"
6,2,iced americano,A02,5,5,FRESH,385,4,"opaque black cup, lidded, black straw"
6,2,iced americano,A02,5,6,CRYO,867,4,"opaque black cup, lidded, black straw"
6,2,iced americano,A03,5,1,AMB,546,4,"opaque black cup, lidded, black straw"
6,2,iced americano,A03,5,2,PHE_AIR,467,4,"opaque black cup, lidded, black straw"
6,2,iced americano,A03,5,3,HOTHOLD,593,4,"opaque black cup, lidded, black straw"
6,2,iced americano,A03,5,4,PHE,128,4,"opaque black cup, lidded, black straw"
6,2,iced americano,A03,5,5,FRESH,385,4,"opaque black cup, lidded, black straw"
6,2,iced americano,A03,5,6,CRYO,867,4,"opaque black cup, lidded, black straw"
6,2,iced americano,A04,2,1,CRYO,867,4,"opaque black cup, lidded, black straw"
6,2,iced americano,A04,2,2,FRESH,385,4,"opaque black cup, lidded, black straw"
6,2,iced americano,A04,2,3,PHE,128,4,"opaque black cup, lidded, black straw"
6,2,iced americano,A04,2,4,HOTHOLD,593,4,"opaque black cup, lidded, black straw"
6,2,iced americano,A04,2,5,PHE_AIR,467,4,"opaque black cup, lidded, black straw"
6,2,iced americano,A04,2,6,AMB,546,4,"opaque black cup, lidded, black straw"
6,2,iced americano,A05,3,1,PHE,128,4,"opaque black cup, lidded, black straw"
6,2,iced americano,A05,3,2,CRYO,867,4,"opaque black cup, lidded, black straw"
6,2,iced americano,A05,3,3,PHE_AIR,467,4,"opaque black cup, lidded, black straw"
6,2,iced americano,A05,3,4,FRESH,385,4,"opaque black cup, lidded, black straw"
6,2,iced americano,A05,3,5,AMB,546,4,"opaque black cup, lidded, black straw"
6,2,iced americano,A05,3,6,HOTHOLD,593,4,"opaque black cup, lidded, black straw"
6,2,iced americano,A06,6,1,HOTHOLD,593,4,"opaque black cup, lidded, black straw"
6,2,iced americano,A06,6,2,AMB,546,4,"opaque black cup, lidded, black straw"
6,2,iced americano,A06,6,3,FRESH,385,4,"opaque black cup, lidded, black straw"
6,2,iced americano,A06,6,4,PHE_AIR,467,4,"opaque black cup, lidded, black straw"
6,2,iced americano,A06,6,5,CRYO,867,4,"opaque black cup, lidded, black straw"
6,2,iced americano,A06,6,6,PHE,128,4,"opaque black cup, lidded, black straw"
6,2,iced americano,A07,3,1,PHE,128,4,"opaque black cup, lidded, black straw"
6,2,iced americano,A07,3,2,CRYO,867,4,"opaque black cup, lidded, black straw"
6,2,iced americano,A07,3,3,PHE_AIR,467,4,"opaque black cup, lidded, black straw"
6,2,iced americano,A07,3,4,FRESH,385,4,"opaque black cup, lidded, black straw"
6,2,iced americano,A07,3,5,AMB,546,4,"opaque black cup, lidded, black straw"
6,2,iced americano,A07,3,6,HOTHOLD,593,4,"opaque black cup, lidded, black straw"
6,2,iced americano,A08,1,1,FRESH,385,4,"opaque black cup, lidded, black straw"
6,2,iced americano,A08,1,2,HOTHOLD,593,4,"opaque black cup, lidded, black straw"
6,2,iced americano,A08,1,3,CRYO,867,4,"opaque black cup, lidded, black straw"
6,2,iced americano,A08,1,4,AMB,546,4,"opaque black cup, lidded, black straw"
6,2,iced americano,A08,1,5,PHE,128,4,"opaque black cup, lidded, black straw"
6,2,iced americano,A08,1,6,PHE_AIR,467,4,"opaque black cup, lidded, black straw"
6,2,iced americano,A09,4,1,PHE_AIR,467,4,"opaque black cup, lidded, black straw"
6,2,iced americano,A09,4,2,PHE,128,4,"opaque black cup, lidded, black straw"
6,2,iced americano,A09,4,3,AMB,546,4,"opaque black cup, lidded, black straw"
6,2,iced americano,A09,4,4,CRYO,867,4,"opaque black cup, lidded, black straw"
6,2,iced americano,A09,4,5,HOTHOLD,593,4,"opaque black cup, lidded, black straw"
6,2,iced americano,A09,4,6,FRESH,385,4,"opaque black cup, lidded, black straw"
6,2,iced americano,A10,4,1,PHE_AIR,467,4,"opaque black cup, lidded, black straw"
6,2,iced americano,A10,4,2,PHE,128,4,"opaque black cup, lidded, black straw"
6,2,iced americano,A10,4,3,AMB,546,4,"opaque black cup, lidded, black straw"
6,2,iced americano,A10,4,4,CRYO,867,4,"opaque black cup, lidded, black straw"
6,2,iced americano,A10,4,5,HOTHOLD,593,4,"opaque black cup, lidded, black straw"
6,2,iced americano,A10,4,6,FRESH,385,4,"opaque black cup, lidded, black straw"
6,2,iced americano,A11,1,1,FRESH,385,4,"opaque black cup, lidded, black straw"
6,2,iced americano,A11,1,2,HOTHOLD,593,4,"opaque black cup, lidded, black straw"
6,2,iced americano,A11,1,3,CRYO,867,4,"opaque black cup, lidded, black straw"
6,2,iced americano,A11,1,4,AMB,546,4,"opaque black cup, lidded, black straw"
6,2,iced americano,A11,1,5,PHE,128,4,"opaque black cup, lidded, black straw"
6,2,iced americano,A11,1,6,PHE_AIR,467,4,"opaque black cup, lidded, black straw"
6,2,iced americano,A12,2,1,CRYO,867,4,"opaque black cup, lidded, black straw"
6,2,iced americano,A12,2,2,FRESH,385,4,"opaque black cup, lidded, black straw"
6,2,iced americano,A12,2,3,PHE,128,4,"opaque black cup, lidded, black straw"
6,2,iced americano,A12,2,4,HOTHOLD,593,4,"opaque black cup, lidded, black straw"
6,2,iced americano,A12,2,5,PHE_AIR,467,4,"opaque black cup, lidded, black straw"
6,2,iced americano,A12,2,6,AMB,546,4,"opaque black cup, lidded, black straw"
7,3,neat espresso,A01,3,1,PHE,412,65,"opaque black cup, lidded, black straw"
7,3,neat espresso,A01,3,2,CRYO,690,65,"opaque black cup, lidded, black straw"
7,3,neat espresso,A01,3,3,PHE_AIR,519,65,"opaque black cup, lidded, black straw"
7,3,neat espresso,A01,3,4,FRESH,573,65,"opaque black cup, lidded, black straw"
7,3,neat espresso,A01,3,5,AMB,216,65,"opaque black cup, lidded, black straw"
7,3,neat espresso,A01,3,6,HOTHOLD,848,65,"opaque black cup, lidded, black straw"
7,3,neat espresso,A02,5,1,AMB,216,65,"opaque black cup, lidded, black straw"
7,3,neat espresso,A02,5,2,PHE_AIR,519,65,"opaque black cup, lidded, black straw"
7,3,neat espresso,A02,5,3,HOTHOLD,848,65,"opaque black cup, lidded, black straw"
7,3,neat espresso,A02,5,4,PHE,412,65,"opaque black cup, lidded, black straw"
7,3,neat espresso,A02,5,5,FRESH,573,65,"opaque black cup, lidded, black straw"
7,3,neat espresso,A02,5,6,CRYO,690,65,"opaque black cup, lidded, black straw"
7,3,neat espresso,A03,1,1,FRESH,573,65,"opaque black cup, lidded, black straw"
7,3,neat espresso,A03,1,2,HOTHOLD,848,65,"opaque black cup, lidded, black straw"
7,3,neat espresso,A03,1,3,CRYO,690,65,"opaque black cup, lidded, black straw"
7,3,neat espresso,A03,1,4,AMB,216,65,"opaque black cup, lidded, black straw"
7,3,neat espresso,A03,1,5,PHE,412,65,"opaque black cup, lidded, black straw"
7,3,neat espresso,A03,1,6,PHE_AIR,519,65,"opaque black cup, lidded, black straw"
7,3,neat espresso,A04,2,1,CRYO,690,65,"opaque black cup, lidded, black straw"
7,3,neat espresso,A04,2,2,FRESH,573,65,"opaque black cup, lidded, black straw"
7,3,neat espresso,A04,2,3,PHE,412,65,"opaque black cup, lidded, black straw"
7,3,neat espresso,A04,2,4,HOTHOLD,848,65,"opaque black cup, lidded, black straw"
7,3,neat espresso,A04,2,5,PHE_AIR,519,65,"opaque black cup, lidded, black straw"
7,3,neat espresso,A04,2,6,AMB,216,65,"opaque black cup, lidded, black straw"
7,3,neat espresso,A05,5,1,AMB,216,65,"opaque black cup, lidded, black straw"
7,3,neat espresso,A05,5,2,PHE_AIR,519,65,"opaque black cup, lidded, black straw"
7,3,neat espresso,A05,5,3,HOTHOLD,848,65,"opaque black cup, lidded, black straw"
7,3,neat espresso,A05,5,4,PHE,412,65,"opaque black cup, lidded, black straw"
7,3,neat espresso,A05,5,5,FRESH,573,65,"opaque black cup, lidded, black straw"
7,3,neat espresso,A05,5,6,CRYO,690,65,"opaque black cup, lidded, black straw"
7,3,neat espresso,A06,2,1,CRYO,690,65,"opaque black cup, lidded, black straw"
7,3,neat espresso,A06,2,2,FRESH,573,65,"opaque black cup, lidded, black straw"
7,3,neat espresso,A06,2,3,PHE,412,65,"opaque black cup, lidded, black straw"
7,3,neat espresso,A06,2,4,HOTHOLD,848,65,"opaque black cup, lidded, black straw"
7,3,neat espresso,A06,2,5,PHE_AIR,519,65,"opaque black cup, lidded, black straw"
7,3,neat espresso,A06,2,6,AMB,216,65,"opaque black cup, lidded, black straw"
7,3,neat espresso,A07,3,1,PHE,412,65,"opaque black cup, lidded, black straw"
7,3,neat espresso,A07,3,2,CRYO,690,65,"opaque black cup, lidded, black straw"
7,3,neat espresso,A07,3,3,PHE_AIR,519,65,"opaque black cup, lidded, black straw"
7,3,neat espresso,A07,3,4,FRESH,573,65,"opaque black cup, lidded, black straw"
7,3,neat espresso,A07,3,5,AMB,216,65,"opaque black cup, lidded, black straw"
7,3,neat espresso,A07,3,6,HOTHOLD,848,65,"opaque black cup, lidded, black straw"
7,3,neat espresso,A08,1,1,FRESH,573,65,"opaque black cup, lidded, black straw"
7,3,neat espresso,A08,1,2,HOTHOLD,848,65,"opaque black cup, lidded, black straw"
7,3,neat espresso,A08,1,3,CRYO,690,65,"opaque black cup, lidded, black straw"
7,3,neat espresso,A08,1,4,AMB,216,65,"opaque black cup, lidded, black straw"
7,3,neat espresso,A08,1,5,PHE,412,65,"opaque black cup, lidded, black straw"
7,3,neat espresso,A08,1,6,PHE_AIR,519,65,"opaque black cup, lidded, black straw"
7,3,neat espresso,A09,6,1,HOTHOLD,848,65,"opaque black cup, lidded, black straw"
7,3,neat espresso,A09,6,2,AMB,216,65,"opaque black cup, lidded, black straw"
7,3,neat espresso,A09,6,3,FRESH,573,65,"opaque black cup, lidded, black straw"
7,3,neat espresso,A09,6,4,PHE_AIR,519,65,"opaque black cup, lidded, black straw"
7,3,neat espresso,A09,6,5,CRYO,690,65,"opaque black cup, lidded, black straw"
7,3,neat espresso,A09,6,6,PHE,412,65,"opaque black cup, lidded, black straw"
7,3,neat espresso,A10,6,1,HOTHOLD,848,65,"opaque black cup, lidded, black straw"
7,3,neat espresso,A10,6,2,AMB,216,65,"opaque black cup, lidded, black straw"
7,3,neat espresso,A10,6,3,FRESH,573,65,"opaque black cup, lidded, black straw"
7,3,neat espresso,A10,6,4,PHE_AIR,519,65,"opaque black cup, lidded, black straw"
7,3,neat espresso,A10,6,5,CRYO,690,65,"opaque black cup, lidded, black straw"
7,3,neat espresso,A10,6,6,PHE,412,65,"opaque black cup, lidded, black straw"
7,3,neat espresso,A11,4,1,PHE_AIR,519,65,"opaque black cup, lidded, black straw"
7,3,neat espresso,A11,4,2,PHE,412,65,"opaque black cup, lidded, black straw"
7,3,neat espresso,A11,4,3,AMB,216,65,"opaque black cup, lidded, black straw"
7,3,neat espresso,A11,4,4,CRYO,690,65,"opaque black cup, lidded, black straw"
7,3,neat espresso,A11,4,5,HOTHOLD,848,65,"opaque black cup, lidded, black straw"
7,3,neat espresso,A11,4,6,FRESH,573,65,"opaque black cup, lidded, black straw"
7,3,neat espresso,A12,4,1,PHE_AIR,519,65,"opaque black cup, lidded, black straw"
7,3,neat espresso,A12,4,2,PHE,412,65,"opaque black cup, lidded, black straw"
7,3,neat espresso,A12,4,3,AMB,216,65,"opaque black cup, lidded, black straw"
7,3,neat espresso,A12,4,4,CRYO,690,65,"opaque black cup, lidded, black straw"
7,3,neat espresso,A12,4,5,HOTHOLD,848,65,"opaque black cup, lidded, black straw"
7,3,neat espresso,A12,4,6,FRESH,573,65,"opaque black cup, lidded, black straw"
8,3,6 oz flat white,A01,6,1,HOTHOLD,880,62,"opaque black cup, lidded, black straw"
8,3,6 oz flat white,A01,6,2,AMB,675,62,"opaque black cup, lidded, black straw"
8,3,6 oz flat white,A01,6,3,FRESH,204,62,"opaque black cup, lidded, black straw"
8,3,6 oz flat white,A01,6,4,PHE_AIR,163,62,"opaque black cup, lidded, black straw"
8,3,6 oz flat white,A01,6,5,CRYO,287,62,"opaque black cup, lidded, black straw"
8,3,6 oz flat white,A01,6,6,PHE,458,62,"opaque black cup, lidded, black straw"
8,3,6 oz flat white,A02,2,1,CRYO,287,62,"opaque black cup, lidded, black straw"
8,3,6 oz flat white,A02,2,2,FRESH,204,62,"opaque black cup, lidded, black straw"
8,3,6 oz flat white,A02,2,3,PHE,458,62,"opaque black cup, lidded, black straw"
8,3,6 oz flat white,A02,2,4,HOTHOLD,880,62,"opaque black cup, lidded, black straw"
8,3,6 oz flat white,A02,2,5,PHE_AIR,163,62,"opaque black cup, lidded, black straw"
8,3,6 oz flat white,A02,2,6,AMB,675,62,"opaque black cup, lidded, black straw"
8,3,6 oz flat white,A03,3,1,PHE,458,62,"opaque black cup, lidded, black straw"
8,3,6 oz flat white,A03,3,2,CRYO,287,62,"opaque black cup, lidded, black straw"
8,3,6 oz flat white,A03,3,3,PHE_AIR,163,62,"opaque black cup, lidded, black straw"
8,3,6 oz flat white,A03,3,4,FRESH,204,62,"opaque black cup, lidded, black straw"
8,3,6 oz flat white,A03,3,5,AMB,675,62,"opaque black cup, lidded, black straw"
8,3,6 oz flat white,A03,3,6,HOTHOLD,880,62,"opaque black cup, lidded, black straw"
8,3,6 oz flat white,A04,3,1,PHE,458,62,"opaque black cup, lidded, black straw"
8,3,6 oz flat white,A04,3,2,CRYO,287,62,"opaque black cup, lidded, black straw"
8,3,6 oz flat white,A04,3,3,PHE_AIR,163,62,"opaque black cup, lidded, black straw"
8,3,6 oz flat white,A04,3,4,FRESH,204,62,"opaque black cup, lidded, black straw"
8,3,6 oz flat white,A04,3,5,AMB,675,62,"opaque black cup, lidded, black straw"
8,3,6 oz flat white,A04,3,6,HOTHOLD,880,62,"opaque black cup, lidded, black straw"
8,3,6 oz flat white,A05,4,1,PHE_AIR,163,62,"opaque black cup, lidded, black straw"
8,3,6 oz flat white,A05,4,2,PHE,458,62,"opaque black cup, lidded, black straw"
8,3,6 oz flat white,A05,4,3,AMB,675,62,"opaque black cup, lidded, black straw"
8,3,6 oz flat white,A05,4,4,CRYO,287,62,"opaque black cup, lidded, black straw"
8,3,6 oz flat white,A05,4,5,HOTHOLD,880,62,"opaque black cup, lidded, black straw"
8,3,6 oz flat white,A05,4,6,FRESH,204,62,"opaque black cup, lidded, black straw"
8,3,6 oz flat white,A06,5,1,AMB,675,62,"opaque black cup, lidded, black straw"
8,3,6 oz flat white,A06,5,2,PHE_AIR,163,62,"opaque black cup, lidded, black straw"
8,3,6 oz flat white,A06,5,3,HOTHOLD,880,62,"opaque black cup, lidded, black straw"
8,3,6 oz flat white,A06,5,4,PHE,458,62,"opaque black cup, lidded, black straw"
8,3,6 oz flat white,A06,5,5,FRESH,204,62,"opaque black cup, lidded, black straw"
8,3,6 oz flat white,A06,5,6,CRYO,287,62,"opaque black cup, lidded, black straw"
8,3,6 oz flat white,A07,2,1,CRYO,287,62,"opaque black cup, lidded, black straw"
8,3,6 oz flat white,A07,2,2,FRESH,204,62,"opaque black cup, lidded, black straw"
8,3,6 oz flat white,A07,2,3,PHE,458,62,"opaque black cup, lidded, black straw"
8,3,6 oz flat white,A07,2,4,HOTHOLD,880,62,"opaque black cup, lidded, black straw"
8,3,6 oz flat white,A07,2,5,PHE_AIR,163,62,"opaque black cup, lidded, black straw"
8,3,6 oz flat white,A07,2,6,AMB,675,62,"opaque black cup, lidded, black straw"
8,3,6 oz flat white,A08,1,1,FRESH,204,62,"opaque black cup, lidded, black straw"
8,3,6 oz flat white,A08,1,2,HOTHOLD,880,62,"opaque black cup, lidded, black straw"
8,3,6 oz flat white,A08,1,3,CRYO,287,62,"opaque black cup, lidded, black straw"
8,3,6 oz flat white,A08,1,4,AMB,675,62,"opaque black cup, lidded, black straw"
8,3,6 oz flat white,A08,1,5,PHE,458,62,"opaque black cup, lidded, black straw"
8,3,6 oz flat white,A08,1,6,PHE_AIR,163,62,"opaque black cup, lidded, black straw"
8,3,6 oz flat white,A09,6,1,HOTHOLD,880,62,"opaque black cup, lidded, black straw"
8,3,6 oz flat white,A09,6,2,AMB,675,62,"opaque black cup, lidded, black straw"
8,3,6 oz flat white,A09,6,3,FRESH,204,62,"opaque black cup, lidded, black straw"
8,3,6 oz flat white,A09,6,4,PHE_AIR,163,62,"opaque black cup, lidded, black straw"
8,3,6 oz flat white,A09,6,5,CRYO,287,62,"opaque black cup, lidded, black straw"
8,3,6 oz flat white,A09,6,6,PHE,458,62,"opaque black cup, lidded, black straw"
8,3,6 oz flat white,A10,4,1,PHE_AIR,163,62,"opaque black cup, lidded, black straw"
8,3,6 oz flat white,A10,4,2,PHE,458,62,"opaque black cup, lidded, black straw"
8,3,6 oz flat white,A10,4,3,AMB,675,62,"opaque black cup, lidded, black straw"
8,3,6 oz flat white,A10,4,4,CRYO,287,62,"opaque black cup, lidded, black straw"
8,3,6 oz flat white,A10,4,5,HOTHOLD,880,62,"opaque black cup, lidded, black straw"
8,3,6 oz flat white,A10,4,6,FRESH,204,62,"opaque black cup, lidded, black straw"
8,3,6 oz flat white,A11,5,1,AMB,675,62,"opaque black cup, lidded, black straw"
8,3,6 oz flat white,A11,5,2,PHE_AIR,163,62,"opaque black cup, lidded, black straw"
8,3,6 oz flat white,A11,5,3,HOTHOLD,880,62,"opaque black cup, lidded, black straw"
8,3,6 oz flat white,A11,5,4,PHE,458,62,"opaque black cup, lidded, black straw"
8,3,6 oz flat white,A11,5,5,FRESH,204,62,"opaque black cup, lidded, black straw"
8,3,6 oz flat white,A11,5,6,CRYO,287,62,"opaque black cup, lidded, black straw"
8,3,6 oz flat white,A12,1,1,FRESH,204,62,"opaque black cup, lidded, black straw"
8,3,6 oz flat white,A12,1,2,HOTHOLD,880,62,"opaque black cup, lidded, black straw"
8,3,6 oz flat white,A12,1,3,CRYO,287,62,"opaque black cup, lidded, black straw"
8,3,6 oz flat white,A12,1,4,AMB,675,62,"opaque black cup, lidded, black straw"
8,3,6 oz flat white,A12,1,5,PHE,458,62,"opaque black cup, lidded, black straw"
8,3,6 oz flat white,A12,1,6,PHE_AIR,163,62,"opaque black cup, lidded, black straw"
9,3,iced americano,A01,2,1,CRYO,303,4,"opaque black cup, lidded, black straw"
9,3,iced americano,A01,2,2,FRESH,726,4,"opaque black cup, lidded, black straw"
9,3,iced americano,A01,2,3,PHE,156,4,"opaque black cup, lidded, black straw"
9,3,iced americano,A01,2,4,HOTHOLD,626,4,"opaque black cup, lidded, black straw"
9,3,iced americano,A01,2,5,PHE_AIR,865,4,"opaque black cup, lidded, black straw"
9,3,iced americano,A01,2,6,AMB,182,4,"opaque black cup, lidded, black straw"
9,3,iced americano,A02,1,1,FRESH,726,4,"opaque black cup, lidded, black straw"
9,3,iced americano,A02,1,2,HOTHOLD,626,4,"opaque black cup, lidded, black straw"
9,3,iced americano,A02,1,3,CRYO,303,4,"opaque black cup, lidded, black straw"
9,3,iced americano,A02,1,4,AMB,182,4,"opaque black cup, lidded, black straw"
9,3,iced americano,A02,1,5,PHE,156,4,"opaque black cup, lidded, black straw"
9,3,iced americano,A02,1,6,PHE_AIR,865,4,"opaque black cup, lidded, black straw"
9,3,iced americano,A03,6,1,HOTHOLD,626,4,"opaque black cup, lidded, black straw"
9,3,iced americano,A03,6,2,AMB,182,4,"opaque black cup, lidded, black straw"
9,3,iced americano,A03,6,3,FRESH,726,4,"opaque black cup, lidded, black straw"
9,3,iced americano,A03,6,4,PHE_AIR,865,4,"opaque black cup, lidded, black straw"
9,3,iced americano,A03,6,5,CRYO,303,4,"opaque black cup, lidded, black straw"
9,3,iced americano,A03,6,6,PHE,156,4,"opaque black cup, lidded, black straw"
9,3,iced americano,A04,1,1,FRESH,726,4,"opaque black cup, lidded, black straw"
9,3,iced americano,A04,1,2,HOTHOLD,626,4,"opaque black cup, lidded, black straw"
9,3,iced americano,A04,1,3,CRYO,303,4,"opaque black cup, lidded, black straw"
9,3,iced americano,A04,1,4,AMB,182,4,"opaque black cup, lidded, black straw"
9,3,iced americano,A04,1,5,PHE,156,4,"opaque black cup, lidded, black straw"
9,3,iced americano,A04,1,6,PHE_AIR,865,4,"opaque black cup, lidded, black straw"
9,3,iced americano,A05,4,1,PHE_AIR,865,4,"opaque black cup, lidded, black straw"
9,3,iced americano,A05,4,2,PHE,156,4,"opaque black cup, lidded, black straw"
9,3,iced americano,A05,4,3,AMB,182,4,"opaque black cup, lidded, black straw"
9,3,iced americano,A05,4,4,CRYO,303,4,"opaque black cup, lidded, black straw"
9,3,iced americano,A05,4,5,HOTHOLD,626,4,"opaque black cup, lidded, black straw"
9,3,iced americano,A05,4,6,FRESH,726,4,"opaque black cup, lidded, black straw"
9,3,iced americano,A06,5,1,AMB,182,4,"opaque black cup, lidded, black straw"
9,3,iced americano,A06,5,2,PHE_AIR,865,4,"opaque black cup, lidded, black straw"
9,3,iced americano,A06,5,3,HOTHOLD,626,4,"opaque black cup, lidded, black straw"
9,3,iced americano,A06,5,4,PHE,156,4,"opaque black cup, lidded, black straw"
9,3,iced americano,A06,5,5,FRESH,726,4,"opaque black cup, lidded, black straw"
9,3,iced americano,A06,5,6,CRYO,303,4,"opaque black cup, lidded, black straw"
9,3,iced americano,A07,4,1,PHE_AIR,865,4,"opaque black cup, lidded, black straw"
9,3,iced americano,A07,4,2,PHE,156,4,"opaque black cup, lidded, black straw"
9,3,iced americano,A07,4,3,AMB,182,4,"opaque black cup, lidded, black straw"
9,3,iced americano,A07,4,4,CRYO,303,4,"opaque black cup, lidded, black straw"
9,3,iced americano,A07,4,5,HOTHOLD,626,4,"opaque black cup, lidded, black straw"
9,3,iced americano,A07,4,6,FRESH,726,4,"opaque black cup, lidded, black straw"
9,3,iced americano,A08,3,1,PHE,156,4,"opaque black cup, lidded, black straw"
9,3,iced americano,A08,3,2,CRYO,303,4,"opaque black cup, lidded, black straw"
9,3,iced americano,A08,3,3,PHE_AIR,865,4,"opaque black cup, lidded, black straw"
9,3,iced americano,A08,3,4,FRESH,726,4,"opaque black cup, lidded, black straw"
9,3,iced americano,A08,3,5,AMB,182,4,"opaque black cup, lidded, black straw"
9,3,iced americano,A08,3,6,HOTHOLD,626,4,"opaque black cup, lidded, black straw"
9,3,iced americano,A09,2,1,CRYO,303,4,"opaque black cup, lidded, black straw"
9,3,iced americano,A09,2,2,FRESH,726,4,"opaque black cup, lidded, black straw"
9,3,iced americano,A09,2,3,PHE,156,4,"opaque black cup, lidded, black straw"
9,3,iced americano,A09,2,4,HOTHOLD,626,4,"opaque black cup, lidded, black straw"
9,3,iced americano,A09,2,5,PHE_AIR,865,4,"opaque black cup, lidded, black straw"
9,3,iced americano,A09,2,6,AMB,182,4,"opaque black cup, lidded, black straw"
9,3,iced americano,A10,5,1,AMB,182,4,"opaque black cup, lidded, black straw"
9,3,iced americano,A10,5,2,PHE_AIR,865,4,"opaque black cup, lidded, black straw"
9,3,iced americano,A10,5,3,HOTHOLD,626,4,"opaque black cup, lidded, black straw"
9,3,iced americano,A10,5,4,PHE,156,4,"opaque black cup, lidded, black straw"
9,3,iced americano,A10,5,5,FRESH,726,4,"opaque black cup, lidded, black straw"
9,3,iced americano,A10,5,6,CRYO,303,4,"opaque black cup, lidded, black straw"
9,3,iced americano,A11,3,1,PHE,156,4,"opaque black cup, lidded, black straw"
9,3,iced americano,A11,3,2,CRYO,303,4,"opaque black cup, lidded, black straw"
9,3,iced americano,A11,3,3,PHE_AIR,865,4,"opaque black cup, lidded, black straw"
9,3,iced americano,A11,3,4,FRESH,726,4,"opaque black cup, lidded, black straw"
9,3,iced americano,A11,3,5,AMB,182,4,"opaque black cup, lidded, black straw"
9,3,iced americano,A11,3,6,HOTHOLD,626,4,"opaque black cup, lidded, black straw"
9,3,iced americano,A12,6,1,HOTHOLD,626,4,"opaque black cup, lidded, black straw"
9,3,iced americano,A12,6,2,AMB,182,4,"opaque black cup, lidded, black straw"
9,3,iced americano,A12,6,3,FRESH,726,4,"opaque black cup, lidded, black straw"
9,3,iced americano,A12,6,4,PHE_AIR,865,4,"opaque black cup, lidded, black straw"
9,3,iced americano,A12,6,5,CRYO,303,4,"opaque black cup, lidded, black straw"
9,3,iced americano,A12,6,6,PHE,156,4,"opaque black cup, lidded, black straw"
